steps_diff,ws_diff,ws_diff_bin
3924.2052631578963,-75.0,"(-80, -48]"
-1952.961538461538,-73.0,"(-80, -48]"
-3950.6547619047615,-71.0,"(-80, -48]"
-2810.633333333333,-71.0,"(-80, -48]"
-2008.2514285714287,-68.0,"(-80, -48]"
-644.984210526316,-68.0,"(-80, -48]"
1505.685954850329,-68.0,"(-80, -48]"
1804.2857142857144,-67.0,"(-80, -48]"
505.463768115942,-66.0,"(-80, -48]"
-809.3920273902887,-64.0,"(-80, -48]"
-2447.751010006834,-64.0,"(-80, -48]"
-1860.2583333333328,-63.0,"(-80, -48]"
-595.25,-63.0,"(-80, -48]"
3076.5599999999995,-61.0,"(-80, -48]"
-2012.5,-61.0,"(-80, -48]"
1624.2862603063427,-58.0,"(-80, -48]"
-2304.2485104999123,-57.0,"(-80, -48]"
2000.6,-57.0,"(-80, -48]"
-5203.025,-57.0,"(-80, -48]"
-4458.465838509317,-56.0,"(-80, -48]"
184.391304347826,-55.0,"(-80, -48]"
-5864.229460015908,-54.0,"(-80, -48]"
1506.7980769230774,-54.0,"(-80, -48]"
-2657.432436968391,-53.0,"(-80, -48]"
-4209.179487179486,-52.0,"(-80, -48]"
2965.758333333333,-52.0,"(-80, -48]"
-1152.0929487179485,-51.0,"(-80, -48]"
164.09935897435938,-51.0,"(-80, -48]"
-3169.888888888889,-51.0,"(-80, -48]"
58.24223602484382,-50.0,"(-80, -48]"
-2158.833333333334,-50.0,"(-80, -48]"
-1689.995555555555,-50.0,"(-80, -48]"
-50.451923076923784,-50.0,"(-80, -48]"
354.54515050167174,-50.0,"(-80, -48]"
-2588.190476190476,-49.0,"(-80, -48]"
-4797.9196427575325,-49.0,"(-80, -48]"
-18.391304347826008,-49.0,"(-80, -48]"
-47.060386473429396,-49.0,"(-80, -48]"
-6856.28,-49.0,"(-80, -48]"
-11211.615384615383,-48.0,"(-80, -48]"
-1462.897233201581,-48.0,"(-80, -48]"
-5833.179842987121,-48.0,"(-80, -48]"
528.0333333333328,-48.0,"(-80, -48]"
-862.1111111111113,-48.0,"(-80, -48]"
-1875.3266666666668,-48.0,"(-80, -48]"
-1288.59,-48.0,"(-80, -48]"
-2665.428571428572,-47.0,"(-48, -16]"
813.2348879981923,-47.0,"(-48, -16]"
95.81502302121409,-46.0,"(-48, -16]"
-4840.357142857143,-46.0,"(-48, -16]"
1778.1428571428567,-44.0,"(-48, -16]"
1486.208333333333,-44.0,"(-48, -16]"
1118.7222222222224,-44.0,"(-48, -16]"
-1705.1374999999996,-44.0,"(-48, -16]"
-3770.482517482518,-44.0,"(-48, -16]"
-176.5034965034965,-44.0,"(-48, -16]"
-1552.9333333333334,-44.0,"(-48, -16]"
-1099.4035087719303,-43.0,"(-48, -16]"
984.3273809523816,-43.0,"(-48, -16]"
-3147.0489510489515,-43.0,"(-48, -16]"
4266.466403162056,-43.0,"(-48, -16]"
-3830.308537945713,-43.0,"(-48, -16]"
-4351.359999999999,-42.0,"(-48, -16]"
-2682.666666666667,-42.0,"(-48, -16]"
-4081.590909090909,-42.0,"(-48, -16]"
-47.480000000000466,-42.0,"(-48, -16]"
3898.313725490196,-42.0,"(-48, -16]"
4892.076923076924,-42.0,"(-48, -16]"
992.413333333333,-42.0,"(-48, -16]"
-450.4727272727273,-42.0,"(-48, -16]"
-532.3861538461538,-42.0,"(-48, -16]"
-112.60000000000036,-42.0,"(-48, -16]"
-2214.461538461538,-42.0,"(-48, -16]"
5395.772727272727,-42.0,"(-48, -16]"
-434.72727272727246,-41.0,"(-48, -16]"
1117.1071765507434,-41.0,"(-48, -16]"
-3711.993657565601,-41.0,"(-48, -16]"
2013.9023391735,-41.0,"(-48, -16]"
-1421.0261427734345,-41.0,"(-48, -16]"
-2939.315293182175,-41.0,"(-48, -16]"
-246.55681818181802,-41.0,"(-48, -16]"
-958.7666666666668,-41.0,"(-48, -16]"
-159.95192307692287,-41.0,"(-48, -16]"
3388.9192397196807,-41.0,"(-48, -16]"
-3425.2628205128212,-41.0,"(-48, -16]"
39.74561403508778,-41.0,"(-48, -16]"
-686.9047619047619,-40.0,"(-48, -16]"
-593.5826086956522,-40.0,"(-48, -16]"
855.375,-40.0,"(-48, -16]"
2370.6133333333332,-39.0,"(-48, -16]"
1454.4261352055667,-39.0,"(-48, -16]"
4698.869230769231,-39.0,"(-48, -16]"
-370.73913043478206,-38.0,"(-48, -16]"
-4691.6,-38.0,"(-48, -16]"
-8167.015151515153,-38.0,"(-48, -16]"
792.704710144928,-38.0,"(-48, -16]"
-3190.7762418816474,-37.0,"(-48, -16]"
-265.27472527472537,-37.0,"(-48, -16]"
1154.0512820512822,-37.0,"(-48, -16]"
-6776.0666666666675,-37.0,"(-48, -16]"
-3230.727495425516,-37.0,"(-48, -16]"
177.84666666666638,-37.0,"(-48, -16]"
-997.6257232673497,-37.0,"(-48, -16]"
1455.913461538462,-36.0,"(-48, -16]"
469.5454545454545,-36.0,"(-48, -16]"
-2472.153343413699,-36.0,"(-48, -16]"
1294.0,-36.0,"(-48, -16]"
-4391.412307692307,-36.0,"(-48, -16]"
-3791.81,-36.0,"(-48, -16]"
-2188.0550000000007,-36.0,"(-48, -16]"
-368.04444444444465,-36.0,"(-48, -16]"
-448.9377777777777,-35.0,"(-48, -16]"
816.8630952380954,-35.0,"(-48, -16]"
-363.18310815170304,-35.0,"(-48, -16]"
-1737.1511656337286,-35.0,"(-48, -16]"
3169.0,-35.0,"(-48, -16]"
281.37538461538503,-35.0,"(-48, -16]"
3073.4,-35.0,"(-48, -16]"
-1030.8461538461543,-35.0,"(-48, -16]"
705.7727272727275,-35.0,"(-48, -16]"
-1557.415059407229,-35.0,"(-48, -16]"
-1318.7402502650748,-34.0,"(-48, -16]"
3683.236842105263,-34.0,"(-48, -16]"
219.94466403162048,-34.0,"(-48, -16]"
-15.17216117216094,-34.0,"(-48, -16]"
-132.86478069275378,-33.0,"(-48, -16]"
-3.3226734801003204,-33.0,"(-48, -16]"
830.75,-33.0,"(-48, -16]"
-1239.458082846212,-33.0,"(-48, -16]"
-370.23352676900026,-33.0,"(-48, -16]"
-4997.298072838954,-33.0,"(-48, -16]"
-505.1052631578948,-33.0,"(-48, -16]"
-989.0714285714283,-33.0,"(-48, -16]"
-3579.482180045277,-33.0,"(-48, -16]"
-487.0611764705881,-33.0,"(-48, -16]"
-3016.666666666667,-32.0,"(-48, -16]"
-5290.392307692309,-32.0,"(-48, -16]"
1204.5,-32.0,"(-48, -16]"
1165.166666666667,-32.0,"(-48, -16]"
3222.876030278838,-32.0,"(-48, -16]"
3762.5658307801427,-32.0,"(-48, -16]"
-2021.583333333333,-32.0,"(-48, -16]"
2939.4551827664286,-32.0,"(-48, -16]"
636.0116666666663,-32.0,"(-48, -16]"
363.9750652295834,-32.0,"(-48, -16]"
153.52991452991458,-31.0,"(-48, -16]"
-5825.447380873768,-31.0,"(-48, -16]"
3398.333333333333,-31.0,"(-48, -16]"
-2918.2761904761896,-31.0,"(-48, -16]"
987.9766527243482,-31.0,"(-48, -16]"
-5837.0515359184765,-31.0,"(-48, -16]"
489.8809523809523,-31.0,"(-48, -16]"
2482.5738866071515,-31.0,"(-48, -16]"
-944.4551061843918,-31.0,"(-48, -16]"
-1104.5449557448662,-31.0,"(-48, -16]"
-10491.923076923076,-31.0,"(-48, -16]"
-1040.833333333333,-31.0,"(-48, -16]"
1411.8891169226665,-30.0,"(-48, -16]"
212.7066666666669,-30.0,"(-48, -16]"
-5768.484615384616,-30.0,"(-48, -16]"
1665.2800000000002,-30.0,"(-48, -16]"
-1342.5705128205118,-30.0,"(-48, -16]"
1866.9581136068,-30.0,"(-48, -16]"
-223.22923076923053,-30.0,"(-48, -16]"
3403.5538461538454,-29.0,"(-48, -16]"
-17893.409987689738,-29.0,"(-48, -16]"
-7566.644444444444,-29.0,"(-48, -16]"
781.9230769230771,-29.0,"(-48, -16]"
-2956.4711538461547,-29.0,"(-48, -16]"
-3021.970912560791,-29.0,"(-48, -16]"
-528.6590476190477,-29.0,"(-48, -16]"
775.1153846153846,-29.0,"(-48, -16]"
-855.3051725738893,-29.0,"(-48, -16]"
-4291.769696969697,-29.0,"(-48, -16]"
1136.9707692307693,-29.0,"(-48, -16]"
1730.4112556323525,-29.0,"(-48, -16]"
3376.66650509781,-28.0,"(-48, -16]"
4971.921052631577,-28.0,"(-48, -16]"
-1648.7842105263155,-28.0,"(-48, -16]"
-737.6555183946492,-28.0,"(-48, -16]"
-720.9523809523813,-28.0,"(-48, -16]"
2006.7999999999995,-28.0,"(-48, -16]"
-772.8344790137497,-28.0,"(-48, -16]"
-456.3692057298677,-28.0,"(-48, -16]"
-5540.107692307692,-28.0,"(-48, -16]"
192.42060897490435,-28.0,"(-48, -16]"
1615.2641789369227,-28.0,"(-48, -16]"
1437.4412576728573,-27.0,"(-48, -16]"
-1573.074411334261,-27.0,"(-48, -16]"
2532.536807977069,-27.0,"(-48, -16]"
649.4397989909658,-27.0,"(-48, -16]"
1921.16327286,-27.0,"(-48, -16]"
-4618.240723333649,-27.0,"(-48, -16]"
685.2791467303441,-27.0,"(-48, -16]"
-5286.7654918083335,-27.0,"(-48, -16]"
1252.6666666666667,-27.0,"(-48, -16]"
1070.166666666667,-27.0,"(-48, -16]"
-865.4863636363643,-27.0,"(-48, -16]"
260.61054629471533,-27.0,"(-48, -16]"
5173.066666666667,-27.0,"(-48, -16]"
-4216.07,-27.0,"(-48, -16]"
3995.858181818182,-27.0,"(-48, -16]"
4564.538461538462,-27.0,"(-48, -16]"
-2371.3125,-27.0,"(-48, -16]"
4318.693846153846,-27.0,"(-48, -16]"
1300.3249999999996,-26.0,"(-48, -16]"
-143.81111111111113,-26.0,"(-48, -16]"
340.76380952380936,-26.0,"(-48, -16]"
-850.5111410732138,-26.0,"(-48, -16]"
-1590.1455621850366,-26.0,"(-48, -16]"
-2419.9473684210525,-26.0,"(-48, -16]"
-437.0938461538452,-26.0,"(-48, -16]"
-829.826701124801,-26.0,"(-48, -16]"
1338.3461538461545,-26.0,"(-48, -16]"
525.4105263157893,-26.0,"(-48, -16]"
-1907.371666666667,-26.0,"(-48, -16]"
652.5237778875963,-26.0,"(-48, -16]"
-3361.9772727272716,-26.0,"(-48, -16]"
631.0863030678842,-26.0,"(-48, -16]"
92.9416666666666,-25.0,"(-48, -16]"
-160.98964803312631,-25.0,"(-48, -16]"
2243.163043478261,-25.0,"(-48, -16]"
3512.5561497326207,-25.0,"(-48, -16]"
-1640.8367238822666,-25.0,"(-48, -16]"
929.3786231884056,-25.0,"(-48, -16]"
-6038.4850000000015,-25.0,"(-48, -16]"
-341.2857142857147,-25.0,"(-48, -16]"
-899.5012605185002,-25.0,"(-48, -16]"
1221.5979020979014,-25.0,"(-48, -16]"
3876.083333333334,-25.0,"(-48, -16]"
508.93333333333334,-25.0,"(-48, -16]"
236.13888888888889,-25.0,"(-48, -16]"
-273.3333333333335,-25.0,"(-48, -16]"
280.6283333333331,-25.0,"(-48, -16]"
-1489.5438596491224,-25.0,"(-48, -16]"
-722.041666666667,-25.0,"(-48, -16]"
-6557.992307692307,-24.0,"(-48, -16]"
462.41608391608406,-24.0,"(-48, -16]"
-1242.4133333333334,-24.0,"(-48, -16]"
870.7600000000003,-24.0,"(-48, -16]"
2452.823717948718,-24.0,"(-48, -16]"
7679.140774158322,-24.0,"(-48, -16]"
-1471.2816666666665,-24.0,"(-48, -16]"
-3474.491228070175,-24.0,"(-48, -16]"
49.6521739130435,-24.0,"(-48, -16]"
-5619.16,-24.0,"(-48, -16]"
-2186.7762179888887,-24.0,"(-48, -16]"
198.0,-24.0,"(-48, -16]"
3000.1703979494805,-23.0,"(-48, -16]"
-1230.0769230769229,-23.0,"(-48, -16]"
-372.2736683681501,-23.0,"(-48, -16]"
1134.4489603567065,-23.0,"(-48, -16]"
2109.807374209238,-23.0,"(-48, -16]"
9256.92549019608,-23.0,"(-48, -16]"
6951.875,-23.0,"(-48, -16]"
8029.942857142856,-23.0,"(-48, -16]"
752.818910174753,-23.0,"(-48, -16]"
4624.329968046987,-23.0,"(-48, -16]"
-208.57608695652198,-23.0,"(-48, -16]"
-6355.5,-23.0,"(-48, -16]"
-1065.5978260869563,-23.0,"(-48, -16]"
3608.627692307692,-23.0,"(-48, -16]"
446.49231599439514,-23.0,"(-48, -16]"
-1541.0340909090899,-23.0,"(-48, -16]"
-1.8294925409236384,-23.0,"(-48, -16]"
-603.2256653094428,-23.0,"(-48, -16]"
1311.8108974358975,-23.0,"(-48, -16]"
2460.8939393939395,-23.0,"(-48, -16]"
-945.9861538461546,-22.0,"(-48, -16]"
-319.8125,-22.0,"(-48, -16]"
754.6307692307687,-22.0,"(-48, -16]"
-864.8476190476193,-22.0,"(-48, -16]"
-2030.666666666667,-22.0,"(-48, -16]"
1497.9102564102575,-22.0,"(-48, -16]"
705.291666666667,-22.0,"(-48, -16]"
-1527.2932881690006,-22.0,"(-48, -16]"
4134.222222222223,-22.0,"(-48, -16]"
-931.156862745098,-22.0,"(-48, -16]"
-1643.875,-22.0,"(-48, -16]"
243.5395403165212,-22.0,"(-48, -16]"
-1038.125,-22.0,"(-48, -16]"
553.0666666666666,-22.0,"(-48, -16]"
-1785.0,-22.0,"(-48, -16]"
-555.018923757375,-22.0,"(-48, -16]"
2188.413333333333,-22.0,"(-48, -16]"
-2498.0,-22.0,"(-48, -16]"
-791.9432956943821,-22.0,"(-48, -16]"
-1004.9313996568179,-22.0,"(-48, -16]"
-1012.125,-22.0,"(-48, -16]"
704.9057971014499,-22.0,"(-48, -16]"
-663.0833333333335,-22.0,"(-48, -16]"
809.875,-22.0,"(-48, -16]"
3279.3194246298804,-22.0,"(-48, -16]"
204.4497971595747,-22.0,"(-48, -16]"
1464.0,-22.0,"(-48, -16]"
1538.5904761904758,-22.0,"(-48, -16]"
632.1654870702966,-22.0,"(-48, -16]"
-2559.7535125705,-22.0,"(-48, -16]"
-305.82142857142844,-22.0,"(-48, -16]"
-282.9151428293889,-22.0,"(-48, -16]"
-1843.4033333333327,-21.0,"(-48, -16]"
-351.0251105896309,-21.0,"(-48, -16]"
-1862.904761904762,-21.0,"(-48, -16]"
4780.904035250087,-21.0,"(-48, -16]"
140.59782608695696,-21.0,"(-48, -16]"
-1990.2586132800025,-21.0,"(-48, -16]"
-842.1428571428572,-21.0,"(-48, -16]"
-3523.397097490073,-21.0,"(-48, -16]"
-2502.0,-21.0,"(-48, -16]"
-2297.795238095239,-21.0,"(-48, -16]"
-784.565217391304,-21.0,"(-48, -16]"
897.8000000000003,-21.0,"(-48, -16]"
2518.4457142857136,-21.0,"(-48, -16]"
-1365.097768931922,-21.0,"(-48, -16]"
320.5,-21.0,"(-48, -16]"
-2494.731199513391,-21.0,"(-48, -16]"
4575.211538461539,-21.0,"(-48, -16]"
-705.3782051282051,-21.0,"(-48, -16]"
-5603.763279907999,-21.0,"(-48, -16]"
2897.2486787717658,-20.0,"(-48, -16]"
-417.1363636363635,-20.0,"(-48, -16]"
1164.393939393939,-20.0,"(-48, -16]"
-793.3999999999997,-20.0,"(-48, -16]"
3737.111111111111,-20.0,"(-48, -16]"
-1428.8152539080677,-20.0,"(-48, -16]"
3341.4423076923085,-20.0,"(-48, -16]"
573.9598222799127,-20.0,"(-48, -16]"
716.3809523809523,-20.0,"(-48, -16]"
60.58333333333349,-20.0,"(-48, -16]"
-515.0833333333335,-20.0,"(-48, -16]"
-948.8890103889163,-20.0,"(-48, -16]"
-1680.4142752919358,-20.0,"(-48, -16]"
-557.231060606061,-20.0,"(-48, -16]"
-5913.318181818182,-20.0,"(-48, -16]"
-1019.5238095238096,-20.0,"(-48, -16]"
-522.2063492063489,-20.0,"(-48, -16]"
2271.333333333333,-20.0,"(-48, -16]"
-4398.407110765301,-20.0,"(-48, -16]"
171.35150812746087,-20.0,"(-48, -16]"
-1856.5664886552634,-20.0,"(-48, -16]"
8723.01923076923,-20.0,"(-48, -16]"
51.97756410256353,-20.0,"(-48, -16]"
-655.6815384615384,-20.0,"(-48, -16]"
3911.267857142857,-20.0,"(-48, -16]"
617.25,-20.0,"(-48, -16]"
-7035.390909090911,-20.0,"(-48, -16]"
1346.336651609975,-20.0,"(-48, -16]"
-241.29848734666663,-20.0,"(-48, -16]"
588.4316770186333,-20.0,"(-48, -16]"
1312.7058823529414,-20.0,"(-48, -16]"
-4110.5,-20.0,"(-48, -16]"
-748.5783074514142,-20.0,"(-48, -16]"
1423.8571428571427,-20.0,"(-48, -16]"
-235.83211466349982,-20.0,"(-48, -16]"
231.25294846705128,-20.0,"(-48, -16]"
-1933.5771428571427,-20.0,"(-48, -16]"
-331.9545454545455,-20.0,"(-48, -16]"
-1027.7083333333335,-20.0,"(-48, -16]"
-1695.1009101316808,-20.0,"(-48, -16]"
-2767.0144927536244,-20.0,"(-48, -16]"
-1243.0873488385078,-19.0,"(-48, -16]"
1912.833333333333,-19.0,"(-48, -16]"
1703.0079714961405,-19.0,"(-48, -16]"
-215.94615384615463,-19.0,"(-48, -16]"
-4354.666666666667,-19.0,"(-48, -16]"
3540.9178669032,-19.0,"(-48, -16]"
-955.3740070347501,-19.0,"(-48, -16]"
-1303.2142857142853,-19.0,"(-48, -16]"
2362.0804195804194,-19.0,"(-48, -16]"
-7570.200000000002,-19.0,"(-48, -16]"
234.96527777777786,-19.0,"(-48, -16]"
-5036.108333333334,-19.0,"(-48, -16]"
-2555.1339136776182,-19.0,"(-48, -16]"
-1965.7215384615383,-19.0,"(-48, -16]"
-3588.200557669878,-19.0,"(-48, -16]"
-338.88072427320867,-19.0,"(-48, -16]"
106.47500000000036,-19.0,"(-48, -16]"
923.2198643463244,-19.0,"(-48, -16]"
1551.1446153846155,-19.0,"(-48, -16]"
1401.409090909091,-19.0,"(-48, -16]"
651.1446886446884,-19.0,"(-48, -16]"
-1369.7403821344715,-19.0,"(-48, -16]"
2056.444444444445,-19.0,"(-48, -16]"
-3144.78,-19.0,"(-48, -16]"
-1315.4375,-19.0,"(-48, -16]"
3855.650000000001,-19.0,"(-48, -16]"
-3781.356679214174,-19.0,"(-48, -16]"
-7210.5993589743575,-18.0,"(-48, -16]"
1508.3264654635775,-18.0,"(-48, -16]"
473.54524675109496,-18.0,"(-48, -16]"
975.228770607579,-18.0,"(-48, -16]"
-1174.535,-18.0,"(-48, -16]"
-8004.027777777777,-18.0,"(-48, -16]"
3394.7569230769236,-18.0,"(-48, -16]"
3965.391304347826,-18.0,"(-48, -16]"
31.77083333333394,-18.0,"(-48, -16]"
-1049.8999811783788,-18.0,"(-48, -16]"
-2952.1617391304353,-18.0,"(-48, -16]"
-5289.0317460317465,-18.0,"(-48, -16]"
-2906.219047619047,-18.0,"(-48, -16]"
-837.4730769230772,-18.0,"(-48, -16]"
758.5714285714295,-18.0,"(-48, -16]"
-1646.8615384615375,-18.0,"(-48, -16]"
337.4819751315779,-17.0,"(-48, -16]"
-1598.2353846153853,-17.0,"(-48, -16]"
-91.04819772677706,-17.0,"(-48, -16]"
265.52499999999964,-17.0,"(-48, -16]"
122.36363636363606,-17.0,"(-48, -16]"
-790.3200000000003,-17.0,"(-48, -16]"
-2704.7641538742937,-17.0,"(-48, -16]"
-229.83975230140004,-17.0,"(-48, -16]"
3901.08,-17.0,"(-48, -16]"
3441.590909090909,-17.0,"(-48, -16]"
-540.0,-17.0,"(-48, -16]"
9054.857142857143,-17.0,"(-48, -16]"
-384.0933014354068,-17.0,"(-48, -16]"
245.11538461538484,-17.0,"(-48, -16]"
-555.0087155002125,-17.0,"(-48, -16]"
1521.6628571428573,-17.0,"(-48, -16]"
-1395.7631959478185,-17.0,"(-48, -16]"
-3141.2916250116277,-17.0,"(-48, -16]"
668.6285714285714,-17.0,"(-48, -16]"
-4057.5446153846146,-17.0,"(-48, -16]"
2488.7333333333336,-16.0,"(-48, -16]"
1866.2962639137884,-16.0,"(-48, -16]"
579.7352941176467,-16.0,"(-48, -16]"
-8103.672157586163,-16.0,"(-48, -16]"
1874.6805555555552,-16.0,"(-48, -16]"
5413.454545454546,-16.0,"(-48, -16]"
-744.2777777777774,-16.0,"(-48, -16]"
-2787.842948717949,-16.0,"(-48, -16]"
271.39393939393904,-16.0,"(-48, -16]"
-2491.0526315789475,-16.0,"(-48, -16]"
-769.3486628826922,-16.0,"(-48, -16]"
5216.0,-16.0,"(-48, -16]"
-2328.654860721665,-16.0,"(-48, -16]"
-3097.0133333333333,-16.0,"(-48, -16]"
-2444.5224368055833,-16.0,"(-48, -16]"
-4013.175671827954,-16.0,"(-48, -16]"
371.52272727272697,-16.0,"(-48, -16]"
529.2539583842663,-16.0,"(-48, -16]"
-257.7179487179488,-16.0,"(-48, -16]"
9089.029304029304,-16.0,"(-48, -16]"
1014.1223776223778,-16.0,"(-48, -16]"
795.3384615384613,-16.0,"(-48, -16]"
-350.6730769230772,-16.0,"(-48, -16]"
1607.7321354333326,-16.0,"(-48, -16]"
-234.38655462184943,-16.0,"(-48, -16]"
1082.4696356275304,-16.0,"(-48, -16]"
710.396825396826,-16.0,"(-48, -16]"
830.0769230769229,-16.0,"(-48, -16]"
3049.5,-16.0,"(-48, -16]"
155.55555555555566,-16.0,"(-48, -16]"
3391.0213675213677,-16.0,"(-48, -16]"
-14.956043956043684,-16.0,"(-48, -16]"
-118.76178397605145,-16.0,"(-48, -16]"
2034.2012987012986,-16.0,"(-48, -16]"
1979.0,-16.0,"(-48, -16]"
2226.2,-16.0,"(-48, -16]"
-1617.0430651782008,-16.0,"(-48, -16]"
796.5999999999998,-16.0,"(-48, -16]"
1321.4618181818178,-16.0,"(-48, -16]"
-4131.24,-16.0,"(-48, -16]"
-622.2857142857147,-16.0,"(-48, -16]"
-565.0595238095239,-16.0,"(-48, -16]"
-64.48674465569911,-16.0,"(-48, -16]"
-3318.512054443143,-16.0,"(-48, -16]"
4781.827632022308,-16.0,"(-48, -16]"
-4637.746051583866,-16.0,"(-48, -16]"
809.637100754001,-16.0,"(-48, -16]"
-6304.487969835113,-16.0,"(-48, -16]"
-3049.584615384615,-16.0,"(-48, -16]"
800.7349999999997,-15.0,"(-16, 16]"
5834.574028523097,-15.0,"(-16, 16]"
-3683.150000000001,-15.0,"(-16, 16]"
2064.754999999999,-15.0,"(-16, 16]"
557.8342857142852,-15.0,"(-16, 16]"
425.1571428571433,-15.0,"(-16, 16]"
-1056.6681840306344,-15.0,"(-16, 16]"
1236.636363636364,-15.0,"(-16, 16]"
-444.5,-15.0,"(-16, 16]"
-730.0669856459335,-15.0,"(-16, 16]"
1410.98857142857,-15.0,"(-16, 16]"
-983.9789123543646,-15.0,"(-16, 16]"
-806.8557692307692,-15.0,"(-16, 16]"
5444.627450980392,-15.0,"(-16, 16]"
-1082.5128663572013,-15.0,"(-16, 16]"
1565.4340782339655,-15.0,"(-16, 16]"
-2438.932971014493,-15.0,"(-16, 16]"
-2002.3803413037624,-15.0,"(-16, 16]"
-9599.927272727271,-15.0,"(-16, 16]"
-1022.3014492753628,-15.0,"(-16, 16]"
-3273.3108974358965,-15.0,"(-16, 16]"
-2080.414136190677,-15.0,"(-16, 16]"
1726.4342105263156,-15.0,"(-16, 16]"
-2492.850000000001,-15.0,"(-16, 16]"
801.7335327148007,-15.0,"(-16, 16]"
587.9786592382358,-15.0,"(-16, 16]"
-281.677865612648,-15.0,"(-16, 16]"
2494.2142857142867,-15.0,"(-16, 16]"
-7374.3600000000015,-15.0,"(-16, 16]"
-2643.618461538461,-15.0,"(-16, 16]"
-1673.3333333333335,-15.0,"(-16, 16]"
-4019.1449275362324,-15.0,"(-16, 16]"
-374.78507314016406,-15.0,"(-16, 16]"
579.6355975391381,-15.0,"(-16, 16]"
401.54019927464986,-15.0,"(-16, 16]"
2092.8888888888887,-15.0,"(-16, 16]"
2203.1482653364446,-15.0,"(-16, 16]"
-1137.0000000000011,-15.0,"(-16, 16]"
-1824.5362318840573,-15.0,"(-16, 16]"
-3625.4107692307703,-15.0,"(-16, 16]"
1199.4285714285716,-15.0,"(-16, 16]"
1621.9402324797268,-15.0,"(-16, 16]"
1951.323174859922,-15.0,"(-16, 16]"
-69.3293138778572,-15.0,"(-16, 16]"
264.4166666666661,-15.0,"(-16, 16]"
3924.086888261157,-15.0,"(-16, 16]"
2879.214285714286,-14.0,"(-16, 16]"
-97.15476190476193,-14.0,"(-16, 16]"
1579.290760869565,-14.0,"(-16, 16]"
703.7142857142858,-14.0,"(-16, 16]"
-2761.12,-14.0,"(-16, 16]"
1987.053571428572,-14.0,"(-16, 16]"
2234.7179487179487,-14.0,"(-16, 16]"
1890.6761133603231,-14.0,"(-16, 16]"
-319.6666666666665,-14.0,"(-16, 16]"
-592.9940049922029,-14.0,"(-16, 16]"
6743.55135019185,-14.0,"(-16, 16]"
-2971.666666666667,-14.0,"(-16, 16]"
1157.1100296013722,-14.0,"(-16, 16]"
1122.7473763203452,-14.0,"(-16, 16]"
-1625.8058308544314,-14.0,"(-16, 16]"
3416.8,-14.0,"(-16, 16]"
-844.0495238095236,-14.0,"(-16, 16]"
198.48974358974374,-14.0,"(-16, 16]"
477.9914529914531,-14.0,"(-16, 16]"
924.9615384615379,-14.0,"(-16, 16]"
-478.7660904261811,-14.0,"(-16, 16]"
-3770.200118259,-14.0,"(-16, 16]"
1621.5619047619045,-14.0,"(-16, 16]"
-3136.850980392157,-14.0,"(-16, 16]"
-1379.3153846153846,-14.0,"(-16, 16]"
-281.318181818182,-14.0,"(-16, 16]"
2769.026666666666,-14.0,"(-16, 16]"
-448.4448160535121,-14.0,"(-16, 16]"
-1663.7005765761032,-14.0,"(-16, 16]"
369.0500000000001,-14.0,"(-16, 16]"
-792.0,-13.0,"(-16, 16]"
-1975.7538461538445,-13.0,"(-16, 16]"
-3845.4577777777777,-13.0,"(-16, 16]"
706.3466666666671,-13.0,"(-16, 16]"
-1398.2692307692307,-13.0,"(-16, 16]"
-1295.92,-13.0,"(-16, 16]"
2124.7815727960237,-13.0,"(-16, 16]"
-4786.759999999998,-13.0,"(-16, 16]"
-2564.05,-13.0,"(-16, 16]"
-3932.6923076923076,-13.0,"(-16, 16]"
2467.0501098629998,-13.0,"(-16, 16]"
7638.5,-13.0,"(-16, 16]"
4693.6648351648355,-13.0,"(-16, 16]"
951.9591041773807,-13.0,"(-16, 16]"
1414.9580224097015,-13.0,"(-16, 16]"
983.0,-13.0,"(-16, 16]"
498.2893772893772,-13.0,"(-16, 16]"
-879.2912280701753,-13.0,"(-16, 16]"
2523.7393124227897,-13.0,"(-16, 16]"
-773.5705626037249,-13.0,"(-16, 16]"
8.880952380952293,-13.0,"(-16, 16]"
3021.353254045715,-13.0,"(-16, 16]"
6423.722222222222,-13.0,"(-16, 16]"
3832.064686153603,-13.0,"(-16, 16]"
579.0,-13.0,"(-16, 16]"
-2090.333333333333,-13.0,"(-16, 16]"
-3409.038461538462,-13.0,"(-16, 16]"
5140.346153846154,-13.0,"(-16, 16]"
6419.15,-13.0,"(-16, 16]"
-514.7777777777778,-13.0,"(-16, 16]"
1622.8803418803418,-13.0,"(-16, 16]"
883.4602503725259,-13.0,"(-16, 16]"
4039.284615384615,-13.0,"(-16, 16]"
-3174.75,-13.0,"(-16, 16]"
1930.2307692307693,-13.0,"(-16, 16]"
368.36521739130416,-13.0,"(-16, 16]"
173.7097902097903,-13.0,"(-16, 16]"
-3532.223602484473,-13.0,"(-16, 16]"
2929.873333333333,-13.0,"(-16, 16]"
-397.78546842539976,-13.0,"(-16, 16]"
1805.7965686274522,-13.0,"(-16, 16]"
389.38962358678515,-13.0,"(-16, 16]"
-2010.4411764705883,-13.0,"(-16, 16]"
-1130.2684210526318,-13.0,"(-16, 16]"
342.0,-13.0,"(-16, 16]"
2827.7238776477625,-13.0,"(-16, 16]"
744.6999999999997,-13.0,"(-16, 16]"
-1623.1136363636365,-13.0,"(-16, 16]"
148.79999999999927,-12.0,"(-16, 16]"
-1948.9952153110046,-12.0,"(-16, 16]"
-1080.9368421052632,-12.0,"(-16, 16]"
-993.525691699605,-12.0,"(-16, 16]"
-269.04166666666697,-12.0,"(-16, 16]"
506.15000000000015,-12.0,"(-16, 16]"
314.2605566427005,-12.0,"(-16, 16]"
-714.958333333333,-12.0,"(-16, 16]"
1067.0916666666662,-12.0,"(-16, 16]"
-199.90277777777737,-12.0,"(-16, 16]"
-1254.6100233251145,-12.0,"(-16, 16]"
-1117.42,-12.0,"(-16, 16]"
361.57999999999987,-12.0,"(-16, 16]"
-3122.2452173913043,-12.0,"(-16, 16]"
-3839.035714285714,-12.0,"(-16, 16]"
-1870.5000400009521,-12.0,"(-16, 16]"
5355.78,-12.0,"(-16, 16]"
-2220.8166666666666,-12.0,"(-16, 16]"
-143.45933786958338,-12.0,"(-16, 16]"
3939.6730769230767,-12.0,"(-16, 16]"
2790.7166666666667,-12.0,"(-16, 16]"
-3474.8392857142853,-12.0,"(-16, 16]"
-2871.099815777785,-12.0,"(-16, 16]"
1278.5213675213672,-12.0,"(-16, 16]"
2197.683333333333,-12.0,"(-16, 16]"
-977.3472222222226,-12.0,"(-16, 16]"
149.52166666666562,-12.0,"(-16, 16]"
1480.0641025641025,-12.0,"(-16, 16]"
-558.5565610859729,-12.0,"(-16, 16]"
1129.4230769230771,-12.0,"(-16, 16]"
881.3333333333335,-12.0,"(-16, 16]"
17663.73076923077,-12.0,"(-16, 16]"
-1228.7222222222224,-12.0,"(-16, 16]"
-678.3942857142853,-12.0,"(-16, 16]"
-410.83490995841294,-12.0,"(-16, 16]"
-4352.6429695212155,-12.0,"(-16, 16]"
747.833333333333,-12.0,"(-16, 16]"
1913.723515249123,-12.0,"(-16, 16]"
-709.25,-12.0,"(-16, 16]"
2636.115384615385,-12.0,"(-16, 16]"
9544.76923076923,-12.0,"(-16, 16]"
4413.459237981674,-12.0,"(-16, 16]"
-3748.4,-12.0,"(-16, 16]"
-778.2799999999997,-11.0,"(-16, 16]"
-441.52444444444427,-11.0,"(-16, 16]"
-1650.04840305496,-11.0,"(-16, 16]"
-823.9200000000002,-11.0,"(-16, 16]"
-2343.303571428572,-11.0,"(-16, 16]"
-1016.077777777778,-11.0,"(-16, 16]"
4691.909090909091,-11.0,"(-16, 16]"
1186.9329004329002,-11.0,"(-16, 16]"
-969.6192925353388,-11.0,"(-16, 16]"
-5297.275104169066,-11.0,"(-16, 16]"
2201.2222222222226,-11.0,"(-16, 16]"
-2429.8100000000004,-11.0,"(-16, 16]"
-133.57230769230773,-11.0,"(-16, 16]"
239.56000000000043,-11.0,"(-16, 16]"
-524.9995937700005,-11.0,"(-16, 16]"
-1382.9000000000005,-11.0,"(-16, 16]"
-99.51428571428595,-11.0,"(-16, 16]"
917.1800000000003,-11.0,"(-16, 16]"
-6311.490469733136,-11.0,"(-16, 16]"
4438.578938799917,-11.0,"(-16, 16]"
-2263.915930737509,-11.0,"(-16, 16]"
182.6397039786998,-11.0,"(-16, 16]"
-1486.9710144927535,-11.0,"(-16, 16]"
-777.0,-11.0,"(-16, 16]"
-1230.9095238095238,-11.0,"(-16, 16]"
-155.01608721051434,-11.0,"(-16, 16]"
-1256.913043478261,-11.0,"(-16, 16]"
-258.625,-11.0,"(-16, 16]"
-147.0,-11.0,"(-16, 16]"
-2595.5666666666666,-11.0,"(-16, 16]"
-445.6470588235295,-11.0,"(-16, 16]"
-4709.607692307693,-11.0,"(-16, 16]"
199.6849816849817,-11.0,"(-16, 16]"
286.5454545454545,-11.0,"(-16, 16]"
3671.302675585284,-11.0,"(-16, 16]"
-2347.0,-11.0,"(-16, 16]"
68.27625478003438,-11.0,"(-16, 16]"
2329.7666666666673,-11.0,"(-16, 16]"
-3949.463701764616,-11.0,"(-16, 16]"
2134.8041958041954,-11.0,"(-16, 16]"
3768.16,-11.0,"(-16, 16]"
857.3272727272732,-11.0,"(-16, 16]"
2165.83779264214,-10.0,"(-16, 16]"
-1408.185314685314,-10.0,"(-16, 16]"
5725.163076923076,-10.0,"(-16, 16]"
1030.2628205128203,-10.0,"(-16, 16]"
3521.299901701465,-10.0,"(-16, 16]"
-1178.123076923077,-10.0,"(-16, 16]"
501.836923076924,-10.0,"(-16, 16]"
-589.3627450980391,-10.0,"(-16, 16]"
-7052.227272727272,-10.0,"(-16, 16]"
1014.1333333333334,-10.0,"(-16, 16]"
1580.0922516216742,-10.0,"(-16, 16]"
-3603.221202622439,-10.0,"(-16, 16]"
-1144.8999999999996,-10.0,"(-16, 16]"
227.5225891731734,-10.0,"(-16, 16]"
-1675.3777777777784,-10.0,"(-16, 16]"
-730.737254901961,-10.0,"(-16, 16]"
-2826.704347826087,-10.0,"(-16, 16]"
-1373.5714285714284,-10.0,"(-16, 16]"
-1136.69208795953,-10.0,"(-16, 16]"
-2592.8765060356877,-10.0,"(-16, 16]"
-797.793689249952,-10.0,"(-16, 16]"
2826.1197421500474,-10.0,"(-16, 16]"
1784.2307692307693,-10.0,"(-16, 16]"
3046.9051622571637,-10.0,"(-16, 16]"
-8499.765,-10.0,"(-16, 16]"
1524.9830769230755,-10.0,"(-16, 16]"
-1350.4772627675854,-10.0,"(-16, 16]"
-9695.577777777777,-10.0,"(-16, 16]"
-4350.817911790627,-10.0,"(-16, 16]"
-16064.32888888889,-10.0,"(-16, 16]"
-1847.4133333333334,-10.0,"(-16, 16]"
3435.0588235294126,-10.0,"(-16, 16]"
12.020000000000437,-10.0,"(-16, 16]"
647.8514897539544,-10.0,"(-16, 16]"
517.3977348093576,-9.0,"(-16, 16]"
2535.2556340165365,-9.0,"(-16, 16]"
2464.972271484281,-9.0,"(-16, 16]"
639.5666666666671,-9.0,"(-16, 16]"
13138.25,-9.0,"(-16, 16]"
-92.08049535603732,-9.0,"(-16, 16]"
822.6744291968595,-9.0,"(-16, 16]"
191.75,-9.0,"(-16, 16]"
543.5779268611603,-9.0,"(-16, 16]"
-1419.899665551839,-9.0,"(-16, 16]"
185.94389924058305,-9.0,"(-16, 16]"
141.90594303368016,-9.0,"(-16, 16]"
-1111.7820512820517,-9.0,"(-16, 16]"
-1516.9126984126988,-9.0,"(-16, 16]"
-429.06666666666666,-9.0,"(-16, 16]"
2307.565217391304,-9.0,"(-16, 16]"
-3179.383333333333,-9.0,"(-16, 16]"
-190.70454545454552,-9.0,"(-16, 16]"
-2777.603088550086,-9.0,"(-16, 16]"
892.0939254748332,-9.0,"(-16, 16]"
843.5042481730328,-9.0,"(-16, 16]"
-471.59999999999945,-9.0,"(-16, 16]"
-1583.6507177033495,-9.0,"(-16, 16]"
-1651.603748348566,-9.0,"(-16, 16]"
3400.9066666666668,-9.0,"(-16, 16]"
3783.3650793650786,-9.0,"(-16, 16]"
-491.42690058479553,-9.0,"(-16, 16]"
-4195.36,-9.0,"(-16, 16]"
111.47222222222216,-9.0,"(-16, 16]"
1231.1153846153848,-9.0,"(-16, 16]"
98.74639214319359,-9.0,"(-16, 16]"
131.75,-9.0,"(-16, 16]"
2058.7153846153847,-9.0,"(-16, 16]"
1872.0,-9.0,"(-16, 16]"
3005.666666666667,-9.0,"(-16, 16]"
-2454.296049265449,-9.0,"(-16, 16]"
2977.9783333333344,-9.0,"(-16, 16]"
93.57692307692379,-9.0,"(-16, 16]"
4180.510509116811,-9.0,"(-16, 16]"
2195.6746481793216,-9.0,"(-16, 16]"
164.62643026494743,-9.0,"(-16, 16]"
2206.916666666666,-9.0,"(-16, 16]"
58.31595357204242,-9.0,"(-16, 16]"
-1447.0419580419573,-9.0,"(-16, 16]"
622.5277420610441,-9.0,"(-16, 16]"
1690.888888888889,-9.0,"(-16, 16]"
-1011.3999999999997,-9.0,"(-16, 16]"
-556.0818181818181,-9.0,"(-16, 16]"
2377.565789473684,-9.0,"(-16, 16]"
133.375,-8.0,"(-16, 16]"
4209.583333333333,-8.0,"(-16, 16]"
1287.0,-8.0,"(-16, 16]"
-805.4166666666665,-8.0,"(-16, 16]"
2855.662659797644,-8.0,"(-16, 16]"
-1582.4615384615383,-8.0,"(-16, 16]"
-2553.3,-8.0,"(-16, 16]"
-1877.5,-8.0,"(-16, 16]"
-359.44615384615463,-8.0,"(-16, 16]"
1381.1107692307687,-8.0,"(-16, 16]"
-243.68249999999992,-8.0,"(-16, 16]"
-730.3200000000003,-8.0,"(-16, 16]"
429.66315789473634,-8.0,"(-16, 16]"
113.4272727272728,-8.0,"(-16, 16]"
190.57999999999996,-8.0,"(-16, 16]"
-1205.2884615384621,-8.0,"(-16, 16]"
1045.335968379447,-8.0,"(-16, 16]"
-3925.1604970277376,-8.0,"(-16, 16]"
-699.3000000000003,-8.0,"(-16, 16]"
734.9476923076927,-8.0,"(-16, 16]"
-1770.6428571428576,-8.0,"(-16, 16]"
-2105.508333333333,-8.0,"(-16, 16]"
1376.993846153846,-8.0,"(-16, 16]"
-4744.521090925789,-8.0,"(-16, 16]"
-2032.3846153846155,-8.0,"(-16, 16]"
1098.363636363636,-8.0,"(-16, 16]"
22.430769230770238,-8.0,"(-16, 16]"
-205.90476190476195,-8.0,"(-16, 16]"
-975.0277777777777,-8.0,"(-16, 16]"
-344.06004661207413,-8.0,"(-16, 16]"
322.1953846153847,-8.0,"(-16, 16]"
-732.7630769230773,-8.0,"(-16, 16]"
620.166666666667,-8.0,"(-16, 16]"
1976.6053817795998,-8.0,"(-16, 16]"
4859.777777777777,-8.0,"(-16, 16]"
-224.88461538461524,-8.0,"(-16, 16]"
78.80830039525699,-8.0,"(-16, 16]"
-1533.2532051282049,-8.0,"(-16, 16]"
-627.75,-7.0,"(-16, 16]"
7910.369565217393,-7.0,"(-16, 16]"
5861.5,-7.0,"(-16, 16]"
8254.75,-7.0,"(-16, 16]"
-4927.464761904763,-7.0,"(-16, 16]"
1362.72,-7.0,"(-16, 16]"
1694.072222222223,-7.0,"(-16, 16]"
-957.7426853255064,-7.0,"(-16, 16]"
-1659.6153846153848,-7.0,"(-16, 16]"
789.0897435897436,-7.0,"(-16, 16]"
-2387.728888888889,-7.0,"(-16, 16]"
-662.2673710264908,-7.0,"(-16, 16]"
536.0,-7.0,"(-16, 16]"
182.14285714285685,-7.0,"(-16, 16]"
-2330.582328386965,-7.0,"(-16, 16]"
-359.3215384615396,-7.0,"(-16, 16]"
261.46153846153857,-7.0,"(-16, 16]"
-2682.5,-7.0,"(-16, 16]"
627.5,-7.0,"(-16, 16]"
-4575.4896745008145,-7.0,"(-16, 16]"
3939.442307692309,-7.0,"(-16, 16]"
181.66666666666646,-7.0,"(-16, 16]"
2985.2760823575004,-7.0,"(-16, 16]"
1738.574397157323,-7.0,"(-16, 16]"
665.9759615384619,-7.0,"(-16, 16]"
1727.7966396371594,-7.0,"(-16, 16]"
4378.809523809524,-7.0,"(-16, 16]"
1094.3828499918525,-7.0,"(-16, 16]"
615.166666666667,-7.0,"(-16, 16]"
1186.625,-7.0,"(-16, 16]"
-32.22690043676448,-7.0,"(-16, 16]"
-2398.291666666667,-7.0,"(-16, 16]"
-523.5797441039995,-7.0,"(-16, 16]"
-860.7933333333332,-7.0,"(-16, 16]"
-1114.2545454545457,-7.0,"(-16, 16]"
571.6870087774541,-7.0,"(-16, 16]"
-1628.5654761904761,-7.0,"(-16, 16]"
-1369.8400904320838,-7.0,"(-16, 16]"
-712.083333333333,-7.0,"(-16, 16]"
2386.791147089232,-7.0,"(-16, 16]"
3254.458333333333,-7.0,"(-16, 16]"
675.3538461538456,-7.0,"(-16, 16]"
-206.88461538461524,-7.0,"(-16, 16]"
909.8571428571428,-6.0,"(-16, 16]"
477.63636363636397,-6.0,"(-16, 16]"
-504.02403846153817,-6.0,"(-16, 16]"
257.5246153846156,-6.0,"(-16, 16]"
-153.7897435897439,-6.0,"(-16, 16]"
-1016.6282051282053,-6.0,"(-16, 16]"
-1822.114285714285,-6.0,"(-16, 16]"
2359.7692307692305,-6.0,"(-16, 16]"
-1057.666666666666,-6.0,"(-16, 16]"
-2919.1519471161537,-6.0,"(-16, 16]"
-3480.428287262478,-6.0,"(-16, 16]"
1844.2585328269568,-6.0,"(-16, 16]"
-2739.2719491857692,-6.0,"(-16, 16]"
-2590.988178741539,-6.0,"(-16, 16]"
4126.833333333333,-6.0,"(-16, 16]"
-3721.650585935833,-6.0,"(-16, 16]"
-763.5999999999996,-6.0,"(-16, 16]"
1700.2094918636326,-6.0,"(-16, 16]"
-1093.6,-6.0,"(-16, 16]"
-4234.0,-6.0,"(-16, 16]"
5165.4,-6.0,"(-16, 16]"
1867.8666666666668,-6.0,"(-16, 16]"
183.78571428571428,-6.0,"(-16, 16]"
1106.6428571428567,-6.0,"(-16, 16]"
79.79166666666697,-6.0,"(-16, 16]"
4893.634615384615,-6.0,"(-16, 16]"
1380.9586239703688,-6.0,"(-16, 16]"
2985.083333333333,-6.0,"(-16, 16]"
-1564.4900000000002,-6.0,"(-16, 16]"
-3102.440559440559,-6.0,"(-16, 16]"
-3134.6195129411985,-6.0,"(-16, 16]"
-3472.4285714285716,-6.0,"(-16, 16]"
-1119.0518321970826,-6.0,"(-16, 16]"
4401.693581321819,-6.0,"(-16, 16]"
177.2261904761899,-6.0,"(-16, 16]"
347.13885752688935,-6.0,"(-16, 16]"
-4861.555555555555,-6.0,"(-16, 16]"
2022.0,-6.0,"(-16, 16]"
5126.901098901097,-6.0,"(-16, 16]"
449.4499999999999,-6.0,"(-16, 16]"
2302.875,-6.0,"(-16, 16]"
-11297.183333333334,-6.0,"(-16, 16]"
-703.9416666666666,-6.0,"(-16, 16]"
-2.3953846153845006,-6.0,"(-16, 16]"
1660.0389610389611,-6.0,"(-16, 16]"
1226.786764705882,-6.0,"(-16, 16]"
-692.0555555555558,-6.0,"(-16, 16]"
59.13725490196066,-6.0,"(-16, 16]"
-604.0,-6.0,"(-16, 16]"
-1045.5166666666664,-6.0,"(-16, 16]"
-1803.4685714285715,-6.0,"(-16, 16]"
447.8808322266623,-6.0,"(-16, 16]"
-2407.9111111111115,-6.0,"(-16, 16]"
2856.0064817953075,-6.0,"(-16, 16]"
-1952.617391304348,-6.0,"(-16, 16]"
-10563.601769323242,-6.0,"(-16, 16]"
1502.1651716118397,-6.0,"(-16, 16]"
2275.1936758893285,-6.0,"(-16, 16]"
1486.4090043304784,-6.0,"(-16, 16]"
2741.600000000001,-6.0,"(-16, 16]"
-2614.2038120931243,-6.0,"(-16, 16]"
-2629.9598662207354,-5.0,"(-16, 16]"
-1499.3999999999994,-5.0,"(-16, 16]"
-2118.335632889184,-5.0,"(-16, 16]"
-2971.383023249491,-5.0,"(-16, 16]"
-1172.142857142857,-5.0,"(-16, 16]"
-38.72509164703115,-5.0,"(-16, 16]"
554.5,-5.0,"(-16, 16]"
468.9379145334442,-5.0,"(-16, 16]"
-616.3392857142858,-5.0,"(-16, 16]"
-37.53834916446522,-5.0,"(-16, 16]"
3468.745454545455,-5.0,"(-16, 16]"
-327.66666666666674,-5.0,"(-16, 16]"
1512.545454545455,-5.0,"(-16, 16]"
1908.708333333333,-5.0,"(-16, 16]"
8777.0,-5.0,"(-16, 16]"
573.7029411764706,-5.0,"(-16, 16]"
2856.0144230769233,-5.0,"(-16, 16]"
-1108.7435897435898,-5.0,"(-16, 16]"
879.8282074179551,-5.0,"(-16, 16]"
-2047.5957406845648,-5.0,"(-16, 16]"
-1690.1954797041876,-5.0,"(-16, 16]"
1053.933450607116,-5.0,"(-16, 16]"
-1788.5326086956518,-5.0,"(-16, 16]"
1464.4532163742688,-5.0,"(-16, 16]"
531.7482517482514,-5.0,"(-16, 16]"
1843.481366459628,-5.0,"(-16, 16]"
-24.85714285714312,-5.0,"(-16, 16]"
1675.3846153846152,-5.0,"(-16, 16]"
677.75,-5.0,"(-16, 16]"
2144.045454545455,-5.0,"(-16, 16]"
-1026.0555555555557,-5.0,"(-16, 16]"
2007.7619047619046,-5.0,"(-16, 16]"
605.4087979107535,-5.0,"(-16, 16]"
5263.9743589743575,-5.0,"(-16, 16]"
-1928.0683760683771,-5.0,"(-16, 16]"
-1185.7619047619055,-5.0,"(-16, 16]"
-2138.6964285714284,-5.0,"(-16, 16]"
-1508.9599999999994,-5.0,"(-16, 16]"
3523.9,-5.0,"(-16, 16]"
-863.6698717948719,-5.0,"(-16, 16]"
-2911.6558267430373,-5.0,"(-16, 16]"
-886.2318670823978,-5.0,"(-16, 16]"
3705.117983469546,-5.0,"(-16, 16]"
-169.29166666666697,-5.0,"(-16, 16]"
2188.9,-5.0,"(-16, 16]"
496.65277777777777,-5.0,"(-16, 16]"
-616.253787878788,-5.0,"(-16, 16]"
-831.2284262134744,-5.0,"(-16, 16]"
1138.455128205128,-5.0,"(-16, 16]"
4126.753846153846,-5.0,"(-16, 16]"
2104.8076923076915,-4.0,"(-16, 16]"
-2262.831383339737,-4.0,"(-16, 16]"
-4568.248845305143,-4.0,"(-16, 16]"
-1940.98,-4.0,"(-16, 16]"
2908.615362058028,-4.0,"(-16, 16]"
-2057.1653993145,-4.0,"(-16, 16]"
1625.0719998653622,-4.0,"(-16, 16]"
925.7443977303084,-4.0,"(-16, 16]"
1069.1333333333337,-4.0,"(-16, 16]"
-426.119999999999,-4.0,"(-16, 16]"
-1766.5858009154224,-4.0,"(-16, 16]"
-227.18535469107562,-4.0,"(-16, 16]"
694.2472527472528,-4.0,"(-16, 16]"
-2611.0167629036982,-4.0,"(-16, 16]"
817.0526315789474,-4.0,"(-16, 16]"
725.8133333333327,-4.0,"(-16, 16]"
-270.2777777777778,-4.0,"(-16, 16]"
974.9473684210524,-4.0,"(-16, 16]"
-1580.545454545455,-4.0,"(-16, 16]"
8688.193675889328,-4.0,"(-16, 16]"
-1055.4,-4.0,"(-16, 16]"
513.9249372214285,-4.0,"(-16, 16]"
1396.75,-4.0,"(-16, 16]"
1525.260869565217,-4.0,"(-16, 16]"
374.40000000000015,-4.0,"(-16, 16]"
8018.194058935731,-4.0,"(-16, 16]"
-1116.5014005602243,-4.0,"(-16, 16]"
1466.2943722943726,-4.0,"(-16, 16]"
-1377.9942321775,-4.0,"(-16, 16]"
-1506.454545454545,-4.0,"(-16, 16]"
331.4705882352941,-4.0,"(-16, 16]"
25.57142857142844,-4.0,"(-16, 16]"
-2696.853333333333,-4.0,"(-16, 16]"
1840.1754275867825,-4.0,"(-16, 16]"
1176.0,-4.0,"(-16, 16]"
-2854.682712887845,-4.0,"(-16, 16]"
-410.5,-4.0,"(-16, 16]"
4355.142845569236,-4.0,"(-16, 16]"
-11757.226301551631,-4.0,"(-16, 16]"
-2448.458333333333,-4.0,"(-16, 16]"
-838.345470609905,-4.0,"(-16, 16]"
-602.835153342,-4.0,"(-16, 16]"
1192.6052631578948,-4.0,"(-16, 16]"
-3379.5444163866664,-4.0,"(-16, 16]"
-1126.0742857142861,-4.0,"(-16, 16]"
650.8830769230763,-4.0,"(-16, 16]"
1170.1999999999996,-4.0,"(-16, 16]"
-204.07142857142844,-4.0,"(-16, 16]"
-2291.6459833873073,-4.0,"(-16, 16]"
-2296.9000000000005,-4.0,"(-16, 16]"
-3095.583333333333,-4.0,"(-16, 16]"
1688.4285714285716,-4.0,"(-16, 16]"
-2633.012116991499,-4.0,"(-16, 16]"
-561.5071428571428,-4.0,"(-16, 16]"
359.92000000000013,-4.0,"(-16, 16]"
3739.1780303030296,-4.0,"(-16, 16]"
-2756.6557485646003,-4.0,"(-16, 16]"
-1139.3791666666666,-4.0,"(-16, 16]"
-2256.4205322285707,-3.0,"(-16, 16]"
-3535.0770195752684,-3.0,"(-16, 16]"
-1657.6416666666669,-3.0,"(-16, 16]"
6420.25,-3.0,"(-16, 16]"
977.4523809523816,-3.0,"(-16, 16]"
-106.25,-3.0,"(-16, 16]"
483.4419725792464,-3.0,"(-16, 16]"
1849.3,-3.0,"(-16, 16]"
-1476.2403846153848,-3.0,"(-16, 16]"
-3656.483333333333,-3.0,"(-16, 16]"
-2180.9285714285706,-3.0,"(-16, 16]"
-2637.6234815852217,-3.0,"(-16, 16]"
2082.4359254809588,-3.0,"(-16, 16]"
855.2619047619046,-3.0,"(-16, 16]"
-6035.793029577465,-3.0,"(-16, 16]"
1465.90170940171,-3.0,"(-16, 16]"
-1827.6987179487176,-3.0,"(-16, 16]"
744.6034799751947,-3.0,"(-16, 16]"
-1160.256847972444,-3.0,"(-16, 16]"
1528.6605351170565,-3.0,"(-16, 16]"
-2172.343456253354,-3.0,"(-16, 16]"
-3383.624242424243,-3.0,"(-16, 16]"
1124.5177246067997,-3.0,"(-16, 16]"
1306.6547236366105,-3.0,"(-16, 16]"
-1.563631087954036,-3.0,"(-16, 16]"
306.3076923076915,-3.0,"(-16, 16]"
373.6666666666665,-3.0,"(-16, 16]"
2363.275384615385,-3.0,"(-16, 16]"
406.1190476190477,-3.0,"(-16, 16]"
792.089527554625,-3.0,"(-16, 16]"
-2849.6799999999994,-3.0,"(-16, 16]"
-3032.175,-3.0,"(-16, 16]"
-9533.256923076922,-3.0,"(-16, 16]"
-604.1562565124677,-3.0,"(-16, 16]"
134.66181818181758,-3.0,"(-16, 16]"
-1565.88,-3.0,"(-16, 16]"
-2043.7999999999995,-3.0,"(-16, 16]"
1993.5,-3.0,"(-16, 16]"
6419.852941176469,-3.0,"(-16, 16]"
-2687.0832567307143,-3.0,"(-16, 16]"
-5674.541666666666,-3.0,"(-16, 16]"
-4063.581176470589,-3.0,"(-16, 16]"
-8429.214285714283,-3.0,"(-16, 16]"
-22.54166666666697,-3.0,"(-16, 16]"
1359.9698957161872,-3.0,"(-16, 16]"
1644.0277777777774,-3.0,"(-16, 16]"
4514.719780219781,-3.0,"(-16, 16]"
1827.270833333333,-3.0,"(-16, 16]"
1147.304347826087,-3.0,"(-16, 16]"
-476.375,-3.0,"(-16, 16]"
1090.0650000000003,-3.0,"(-16, 16]"
-3908.866309486024,-3.0,"(-16, 16]"
871.9326923076924,-3.0,"(-16, 16]"
-3010.770833333333,-3.0,"(-16, 16]"
-2314.401234387161,-3.0,"(-16, 16]"
-1510.208333333333,-3.0,"(-16, 16]"
1457.1791992190836,-3.0,"(-16, 16]"
467.90476190476153,-3.0,"(-16, 16]"
1450.75,-3.0,"(-16, 16]"
1116.742424242424,-3.0,"(-16, 16]"
4568.47743280358,-3.0,"(-16, 16]"
296.79437976471763,-3.0,"(-16, 16]"
-1149.1215384615386,-3.0,"(-16, 16]"
-732.1529411764703,-3.0,"(-16, 16]"
1247.7906153737144,-3.0,"(-16, 16]"
-89.280632411067,-3.0,"(-16, 16]"
-676.833333333333,-3.0,"(-16, 16]"
-5226.1,-3.0,"(-16, 16]"
1752.8076923076926,-3.0,"(-16, 16]"
-102.30205949656738,-3.0,"(-16, 16]"
668.2646153846154,-3.0,"(-16, 16]"
2841.222222222222,-3.0,"(-16, 16]"
-4538.26,-3.0,"(-16, 16]"
-1469.3446153846153,-3.0,"(-16, 16]"
-1524.6499999999994,-3.0,"(-16, 16]"
-3504.9219047619044,-3.0,"(-16, 16]"
-268.71428571428584,-2.0,"(-16, 16]"
1860.6292617682464,-2.0,"(-16, 16]"
-1730.5,-2.0,"(-16, 16]"
700.5693779904304,-2.0,"(-16, 16]"
1419.7391049162634,-2.0,"(-16, 16]"
-1259.9220135031535,-2.0,"(-16, 16]"
1185.1923076923074,-2.0,"(-16, 16]"
1923.9117126483402,-2.0,"(-16, 16]"
1516.9772727272727,-2.0,"(-16, 16]"
4813.0,-2.0,"(-16, 16]"
2343.471583045833,-2.0,"(-16, 16]"
-2271.690769230769,-2.0,"(-16, 16]"
-123.44444444444436,-2.0,"(-16, 16]"
-1867.2563180615664,-2.0,"(-16, 16]"
-183.46952828175014,-2.0,"(-16, 16]"
5584.6025641025635,-2.0,"(-16, 16]"
562.297258618205,-2.0,"(-16, 16]"
-1241.263398405676,-2.0,"(-16, 16]"
-652.1362368711257,-2.0,"(-16, 16]"
1985.8133333333328,-2.0,"(-16, 16]"
-599.2272727272725,-2.0,"(-16, 16]"
3791.94,-2.0,"(-16, 16]"
1076.3200000000004,-2.0,"(-16, 16]"
704.5316666666668,-2.0,"(-16, 16]"
-908.8788452795392,-2.0,"(-16, 16]"
-2009.0940412033326,-2.0,"(-16, 16]"
453.3,-2.0,"(-16, 16]"
73.5029411764699,-2.0,"(-16, 16]"
1663.6223861004355,-2.0,"(-16, 16]"
738.6738461538463,-2.0,"(-16, 16]"
6196.004999999999,-2.0,"(-16, 16]"
-521.5,-2.0,"(-16, 16]"
-3429.9286956521732,-2.0,"(-16, 16]"
250.51449275362395,-2.0,"(-16, 16]"
-887.6857142857143,-2.0,"(-16, 16]"
-4371.833333333333,-2.0,"(-16, 16]"
2813.277777777777,-2.0,"(-16, 16]"
1059.357142857143,-2.0,"(-16, 16]"
-2327.325,-2.0,"(-16, 16]"
1063.0,-2.0,"(-16, 16]"
-2984.063076923077,-2.0,"(-16, 16]"
-1163.1610478784735,-2.0,"(-16, 16]"
158.45833333333394,-2.0,"(-16, 16]"
13983.833333333336,-2.0,"(-16, 16]"
1121.6785393122095,-2.0,"(-16, 16]"
688.2372455259738,-1.0,"(-16, 16]"
2003.6333333333334,-1.0,"(-16, 16]"
1858.865139585516,-1.0,"(-16, 16]"
2201.6476846303376,-1.0,"(-16, 16]"
-1521.166666666667,-1.0,"(-16, 16]"
-1287.5153508771932,-1.0,"(-16, 16]"
-3323.277777777777,-1.0,"(-16, 16]"
-3692.177916891963,-1.0,"(-16, 16]"
-3297.6857706675555,-1.0,"(-16, 16]"
-4272.005714285715,-1.0,"(-16, 16]"
-400.45238095238085,-1.0,"(-16, 16]"
-86.33333333333326,-1.0,"(-16, 16]"
1603.571666666667,-1.0,"(-16, 16]"
-3386.811843872666,-1.0,"(-16, 16]"
2617.600000000001,-1.0,"(-16, 16]"
-2290.228333333333,-1.0,"(-16, 16]"
-35.93589743589746,-1.0,"(-16, 16]"
-937.3586956521741,-1.0,"(-16, 16]"
-580.8875459942974,-1.0,"(-16, 16]"
-1166.3861538461542,-1.0,"(-16, 16]"
-12332.192307692307,-1.0,"(-16, 16]"
1209.9633333333334,-1.0,"(-16, 16]"
-5333.670175438597,-1.0,"(-16, 16]"
3310.05,-1.0,"(-16, 16]"
639.771739130435,-1.0,"(-16, 16]"
3030.4040050673657,-1.0,"(-16, 16]"
-3691.871666666667,-1.0,"(-16, 16]"
-3604.4285714285716,-1.0,"(-16, 16]"
969.5921463831056,-1.0,"(-16, 16]"
-1239.8201754385966,-1.0,"(-16, 16]"
2436.882028261023,-1.0,"(-16, 16]"
-2873.333333333333,-1.0,"(-16, 16]"
-4956.5661538461545,-1.0,"(-16, 16]"
2270.804726368751,-1.0,"(-16, 16]"
-37.28571428571422,-1.0,"(-16, 16]"
2584.8147647005835,-1.0,"(-16, 16]"
-3003.9137275195008,-1.0,"(-16, 16]"
-1386.0,-1.0,"(-16, 16]"
-797.25,-1.0,"(-16, 16]"
-2377.9799256309843,-1.0,"(-16, 16]"
1513.727439517179,-1.0,"(-16, 16]"
-1968.3067157428925,-1.0,"(-16, 16]"
-243.90073363320244,0.0,"(-16, 16]"
-994.2662254680909,0.0,"(-16, 16]"
99.43478260869551,0.0,"(-16, 16]"
1406.3751394562923,0.0,"(-16, 16]"
-1400.291666666666,0.0,"(-16, 16]"
589.7434905997502,0.0,"(-16, 16]"
2913.770833333333,0.0,"(-16, 16]"
-704.683809523809,0.0,"(-16, 16]"
990.613636363636,0.0,"(-16, 16]"
2672.9523809523816,0.0,"(-16, 16]"
-1897.145833333333,0.0,"(-16, 16]"
1238.0352564102561,0.0,"(-16, 16]"
-3611.2352941176473,0.0,"(-16, 16]"
-2200.8323712570864,0.0,"(-16, 16]"
-1929.416666666667,0.0,"(-16, 16]"
-701.2598179406186,0.0,"(-16, 16]"
3622.5625,0.0,"(-16, 16]"
-2138.3327016966537,0.0,"(-16, 16]"
-863.8843895591667,0.0,"(-16, 16]"
578.0737179487177,0.0,"(-16, 16]"
1606.3809523809525,0.0,"(-16, 16]"
-1651.4523809523816,0.0,"(-16, 16]"
1864.79185520362,0.0,"(-16, 16]"
2002.1538461538464,0.0,"(-16, 16]"
-7469.469696969697,0.0,"(-16, 16]"
-799.8114285714282,0.0,"(-16, 16]"
-2181.934505209333,0.0,"(-16, 16]"
-8363.909090909092,0.0,"(-16, 16]"
-4551.970000000001,0.0,"(-16, 16]"
10201.964765615414,0.0,"(-16, 16]"
1956.7409523809522,0.0,"(-16, 16]"
-1433.4526315789474,0.0,"(-16, 16]"
-1354.436855519154,0.0,"(-16, 16]"
-2088.833333333333,0.0,"(-16, 16]"
5239.092517277571,0.0,"(-16, 16]"
-861.666666666667,0.0,"(-16, 16]"
-507.5808080808081,0.0,"(-16, 16]"
-1791.6015037593986,0.0,"(-16, 16]"
2437.2687557008467,0.0,"(-16, 16]"
-4128.197031816639,0.0,"(-16, 16]"
-2504.831205100229,0.0,"(-16, 16]"
514.7380952380954,0.0,"(-16, 16]"
646.2209523809523,0.0,"(-16, 16]"
239.52048322876408,0.0,"(-16, 16]"
-1456.84,0.0,"(-16, 16]"
339.818181818182,0.0,"(-16, 16]"
636.2692307692311,0.0,"(-16, 16]"
-2222.320297241875,0.0,"(-16, 16]"
16553.895424836603,0.0,"(-16, 16]"
-321.48663101604285,1.0,"(-16, 16]"
-1839.6296736639895,1.0,"(-16, 16]"
727.6833333333334,1.0,"(-16, 16]"
465.4313725490197,1.0,"(-16, 16]"
-321.1944444444444,1.0,"(-16, 16]"
-2804.938405797101,1.0,"(-16, 16]"
-1084.9041307485222,1.0,"(-16, 16]"
2154.7304347826084,1.0,"(-16, 16]"
740.0057142857132,1.0,"(-16, 16]"
2233.633333333333,1.0,"(-16, 16]"
688.0,1.0,"(-16, 16]"
-240.7056599932007,1.0,"(-16, 16]"
1737.4999999999993,1.0,"(-16, 16]"
1799.1555183946493,1.0,"(-16, 16]"
-213.41919191919212,1.0,"(-16, 16]"
-2663.070707070707,1.0,"(-16, 16]"
-4167.212567057109,1.0,"(-16, 16]"
-745.8111111111111,1.0,"(-16, 16]"
-255.1454545454553,1.0,"(-16, 16]"
4421.074649768636,1.0,"(-16, 16]"
-899.3199999999997,1.0,"(-16, 16]"
-6636.641711229948,1.0,"(-16, 16]"
3887.277777777778,1.0,"(-16, 16]"
-2642.856945027503,1.0,"(-16, 16]"
1743.3879598662204,1.0,"(-16, 16]"
-3196.229249011858,1.0,"(-16, 16]"
-432.2629830929672,1.0,"(-16, 16]"
-1422.5499999999995,1.0,"(-16, 16]"
1902.416666666666,1.0,"(-16, 16]"
1088.8178053830222,1.0,"(-16, 16]"
2462.850235777893,1.0,"(-16, 16]"
-721.6945913365809,1.0,"(-16, 16]"
701.1287878787875,1.0,"(-16, 16]"
-1322.375,1.0,"(-16, 16]"
2125.2857420174587,1.0,"(-16, 16]"
4497.298334127192,1.0,"(-16, 16]"
-1873.9759615384612,1.0,"(-16, 16]"
-4616.381488380999,1.0,"(-16, 16]"
280.0478468899523,1.0,"(-16, 16]"
-1629.34,1.0,"(-16, 16]"
231.6166666666668,1.0,"(-16, 16]"
3915.684858821615,1.0,"(-16, 16]"
4090.4423076923076,1.0,"(-16, 16]"
2545.3490909090906,1.0,"(-16, 16]"
-5524.411764705883,1.0,"(-16, 16]"
126.37318840579701,1.0,"(-16, 16]"
-3094.343157894737,1.0,"(-16, 16]"
2114.0838411004565,1.0,"(-16, 16]"
289.911764705882,1.0,"(-16, 16]"
-266.8000000000002,1.0,"(-16, 16]"
3991.674242424242,1.0,"(-16, 16]"
2330.410336865461,1.0,"(-16, 16]"
-1717.211913789285,1.0,"(-16, 16]"
2048.230769230769,2.0,"(-16, 16]"
-2058.205205947148,2.0,"(-16, 16]"
5788.9276018099545,2.0,"(-16, 16]"
5346.235042735043,2.0,"(-16, 16]"
585.1111111111112,2.0,"(-16, 16]"
-885.8784615384611,2.0,"(-16, 16]"
-4570.125,2.0,"(-16, 16]"
430.46,2.0,"(-16, 16]"
-356.43063030747453,2.0,"(-16, 16]"
-1162.8149590391934,2.0,"(-16, 16]"
-3300.7323076923076,2.0,"(-16, 16]"
971.2928571428564,2.0,"(-16, 16]"
-1672.9737548831424,2.0,"(-16, 16]"
-1354.583333333334,2.0,"(-16, 16]"
-4859.525901822535,2.0,"(-16, 16]"
-1419.9539960905404,2.0,"(-16, 16]"
-3826.672307692307,2.0,"(-16, 16]"
19.350000000000364,2.0,"(-16, 16]"
-3859.508333333333,2.0,"(-16, 16]"
-1249.339072917198,2.0,"(-16, 16]"
4671.740726905525,2.0,"(-16, 16]"
-209.04411764705898,2.0,"(-16, 16]"
1269.9952380952382,2.0,"(-16, 16]"
551.8461538461534,2.0,"(-16, 16]"
-4844.636363636364,2.0,"(-16, 16]"
-459.6545454545449,2.0,"(-16, 16]"
-3078.944444444445,2.0,"(-16, 16]"
-530.6999999999998,2.0,"(-16, 16]"
-593.1904761904761,2.0,"(-16, 16]"
-1644.5,2.0,"(-16, 16]"
-3345.916666666666,2.0,"(-16, 16]"
4896.427608713077,2.0,"(-16, 16]"
6077.163636363635,2.0,"(-16, 16]"
9804.5,2.0,"(-16, 16]"
1092.9261538461542,2.0,"(-16, 16]"
3669.290546470055,2.0,"(-16, 16]"
-1136.9067445178207,2.0,"(-16, 16]"
2707.627976190476,2.0,"(-16, 16]"
-473.8928571428573,2.0,"(-16, 16]"
-2806.25,2.0,"(-16, 16]"
2197.739926739927,2.0,"(-16, 16]"
-1165.0020403558328,2.0,"(-16, 16]"
2097.7000000000007,2.0,"(-16, 16]"
1734.5037593984964,2.0,"(-16, 16]"
2351.6666666666665,2.0,"(-16, 16]"
-1812.2372639966666,2.0,"(-16, 16]"
36.71428571428578,2.0,"(-16, 16]"
-701.1145937359095,3.0,"(-16, 16]"
-298.11375941120417,3.0,"(-16, 16]"
4513.441666666667,3.0,"(-16, 16]"
6653.5,3.0,"(-16, 16]"
1848.8077598781101,3.0,"(-16, 16]"
1958.0,3.0,"(-16, 16]"
-1902.5855114161288,3.0,"(-16, 16]"
25.64583333333348,3.0,"(-16, 16]"
-2565.538461538461,3.0,"(-16, 16]"
-437.15909090909105,3.0,"(-16, 16]"
-1531.6825396825398,3.0,"(-16, 16]"
3674.1923076923076,3.0,"(-16, 16]"
1293.648888888889,3.0,"(-16, 16]"
475.59780760935683,3.0,"(-16, 16]"
6288.04334365325,3.0,"(-16, 16]"
-2015.435294117647,3.0,"(-16, 16]"
-1479.2970760468754,3.0,"(-16, 16]"
2173.191692575947,3.0,"(-16, 16]"
2665.2019230769242,3.0,"(-16, 16]"
73.82666666666681,3.0,"(-16, 16]"
-2202.34830036936,3.0,"(-16, 16]"
99.2873534803075,3.0,"(-16, 16]"
952.2916666666664,3.0,"(-16, 16]"
4458.238095238095,3.0,"(-16, 16]"
-175.2692307692305,3.0,"(-16, 16]"
-1560.0500000000004,3.0,"(-16, 16]"
2952.9545454545455,3.0,"(-16, 16]"
4008.31623931624,3.0,"(-16, 16]"
8498.3125,3.0,"(-16, 16]"
-1714.9844665543333,3.0,"(-16, 16]"
3617.5400000000013,3.0,"(-16, 16]"
5404.272727272728,3.0,"(-16, 16]"
-845.6268115942039,3.0,"(-16, 16]"
-2685.6799999999994,3.0,"(-16, 16]"
-1819.75,3.0,"(-16, 16]"
-2341.56,3.0,"(-16, 16]"
-1643.5732592606955,3.0,"(-16, 16]"
-616.5416821187805,3.0,"(-16, 16]"
1126.5975,3.0,"(-16, 16]"
880.9185630814003,3.0,"(-16, 16]"
-1292.7731939314153,3.0,"(-16, 16]"
-1914.159090909091,3.0,"(-16, 16]"
170.14782579339953,3.0,"(-16, 16]"
-820.4549999999998,3.0,"(-16, 16]"
-3272.5652173913036,3.0,"(-16, 16]"
-1389.9766666666665,3.0,"(-16, 16]"
-95.38888888888893,3.0,"(-16, 16]"
2004.916666666666,3.0,"(-16, 16]"
-93.46524064171128,3.0,"(-16, 16]"
-1049.9495921339003,3.0,"(-16, 16]"
-300.0254997690999,3.0,"(-16, 16]"
-1254.2416666666668,3.0,"(-16, 16]"
834.3050000000003,3.0,"(-16, 16]"
-1736.9447420607812,3.0,"(-16, 16]"
30.65803064314241,3.0,"(-16, 16]"
-3769.555555555556,3.0,"(-16, 16]"
-6878.375,3.0,"(-16, 16]"
1968.625,3.0,"(-16, 16]"
3291.2533430921867,3.0,"(-16, 16]"
245.4882352941177,3.0,"(-16, 16]"
-2306.9538461538464,3.0,"(-16, 16]"
1037.5500000000004,3.0,"(-16, 16]"
1071.2435897435898,3.0,"(-16, 16]"
-1037.4945721176773,4.0,"(-16, 16]"
-2493.0993589743584,4.0,"(-16, 16]"
-459.840336134454,4.0,"(-16, 16]"
-3192.666666666667,4.0,"(-16, 16]"
3239.9174248171194,4.0,"(-16, 16]"
-3973.523333333333,4.0,"(-16, 16]"
1213.7014900212152,4.0,"(-16, 16]"
-524.7666666666664,4.0,"(-16, 16]"
3004.8973684210523,4.0,"(-16, 16]"
-484.62087912087924,4.0,"(-16, 16]"
504.4491978609626,4.0,"(-16, 16]"
-2047.4590643274853,4.0,"(-16, 16]"
390.96880006487504,4.0,"(-16, 16]"
3100.7919207766,4.0,"(-16, 16]"
966.0,4.0,"(-16, 16]"
-3213.5999999999995,4.0,"(-16, 16]"
3840.453294795489,4.0,"(-16, 16]"
-11.429951690821323,4.0,"(-16, 16]"
1081.2647058823532,4.0,"(-16, 16]"
3370.6564004497004,4.0,"(-16, 16]"
-3540.564102564103,4.0,"(-16, 16]"
-4502.768888888889,4.0,"(-16, 16]"
1874.9852488597094,4.0,"(-16, 16]"
5517.291741129813,4.0,"(-16, 16]"
-2109.3216374269005,4.0,"(-16, 16]"
2336.083736110317,4.0,"(-16, 16]"
-433.4705969779569,4.0,"(-16, 16]"
-3011.3777777777777,4.0,"(-16, 16]"
1302.7142857142853,4.0,"(-16, 16]"
3267.58069640682,4.0,"(-16, 16]"
-1072.716666666665,4.0,"(-16, 16]"
575.6000000000004,4.0,"(-16, 16]"
1072.9791666666665,4.0,"(-16, 16]"
-2990.5244444444447,4.0,"(-16, 16]"
2823.583333333333,4.0,"(-16, 16]"
201.96182345278385,4.0,"(-16, 16]"
-1044.758702204721,4.0,"(-16, 16]"
-2482.355789473684,4.0,"(-16, 16]"
611.2666666666672,4.0,"(-16, 16]"
2166.0256410256416,4.0,"(-16, 16]"
-3598.4773002378124,4.0,"(-16, 16]"
-5082.416666666667,4.0,"(-16, 16]"
-311.3292307692306,4.0,"(-16, 16]"
1593.064086439001,4.0,"(-16, 16]"
-4473.954887218045,4.0,"(-16, 16]"
1725.418402048488,4.0,"(-16, 16]"
993.4923076923077,4.0,"(-16, 16]"
-18005.26196289,4.0,"(-16, 16]"
524.9405594405589,4.0,"(-16, 16]"
7014.623188405797,5.0,"(-16, 16]"
-3773.5822814621993,5.0,"(-16, 16]"
-1707.3670257827946,5.0,"(-16, 16]"
-4002.729411764707,5.0,"(-16, 16]"
1449.1876923076925,5.0,"(-16, 16]"
-1295.106060606061,5.0,"(-16, 16]"
152.60576923076906,5.0,"(-16, 16]"
-268.09523809523847,5.0,"(-16, 16]"
3111.61531372232,5.0,"(-16, 16]"
4593.909922984074,5.0,"(-16, 16]"
536.1605023463185,5.0,"(-16, 16]"
-15.08333333333303,5.0,"(-16, 16]"
-3418.23,5.0,"(-16, 16]"
385.6186731947018,5.0,"(-16, 16]"
-2732.7794117647063,5.0,"(-16, 16]"
-4525.6399999999985,5.0,"(-16, 16]"
-1324.9915787418633,5.0,"(-16, 16]"
821.1088872201285,5.0,"(-16, 16]"
2273.726315789473,5.0,"(-16, 16]"
227.55083891076904,5.0,"(-16, 16]"
-78.1045117220001,5.0,"(-16, 16]"
-635.880000000001,5.0,"(-16, 16]"
-2528.6133333333332,5.0,"(-16, 16]"
2884.33042094069,5.0,"(-16, 16]"
2089.458333333333,5.0,"(-16, 16]"
1908.4100000000005,5.0,"(-16, 16]"
7313.386363636364,5.0,"(-16, 16]"
389.5492307692312,5.0,"(-16, 16]"
4366.16,5.0,"(-16, 16]"
-1604.1509090909094,5.0,"(-16, 16]"
-5157.96,5.0,"(-16, 16]"
17.221066065053947,5.0,"(-16, 16]"
2835.0333333333338,5.0,"(-16, 16]"
3482.103076923077,5.0,"(-16, 16]"
-980.5,5.0,"(-16, 16]"
-58.420168067226776,5.0,"(-16, 16]"
-1475.916666666667,5.0,"(-16, 16]"
-452.27272727272754,5.0,"(-16, 16]"
-1457.1739130434785,5.0,"(-16, 16]"
964.7136752136753,5.0,"(-16, 16]"
368.5704667837777,5.0,"(-16, 16]"
2060.233974358974,6.0,"(-16, 16]"
-4174.428571428573,6.0,"(-16, 16]"
1328.6507936507935,6.0,"(-16, 16]"
1248.7578461176245,6.0,"(-16, 16]"
-3.534090909090992,6.0,"(-16, 16]"
-2557.1809517332103,6.0,"(-16, 16]"
-399.98928683695794,6.0,"(-16, 16]"
2708.74358974359,6.0,"(-16, 16]"
-2290.714285714285,6.0,"(-16, 16]"
255.44210526315786,6.0,"(-16, 16]"
-482.3436507354963,6.0,"(-16, 16]"
-542.8000000000002,6.0,"(-16, 16]"
-1690.5192307692307,6.0,"(-16, 16]"
-336.69478157221835,6.0,"(-16, 16]"
171.16176470588292,6.0,"(-16, 16]"
4871.653846153846,6.0,"(-16, 16]"
606.2431232483004,6.0,"(-16, 16]"
-588.0148124158668,6.0,"(-16, 16]"
-943.125,6.0,"(-16, 16]"
-2612.142857142857,6.0,"(-16, 16]"
5998.4739697263985,6.0,"(-16, 16]"
-4246.323868160343,6.0,"(-16, 16]"
693.1010101010103,6.0,"(-16, 16]"
875.5989010989015,6.0,"(-16, 16]"
1719.0285714285721,6.0,"(-16, 16]"
1556.5463071042411,6.0,"(-16, 16]"
5559.320972695999,6.0,"(-16, 16]"
-2148.8469565217392,6.0,"(-16, 16]"
-2869.4231578947365,6.0,"(-16, 16]"
656.5034298619727,6.0,"(-16, 16]"
3210.476190476191,6.0,"(-16, 16]"
-1216.088235294118,6.0,"(-16, 16]"
-241.19047619047612,6.0,"(-16, 16]"
-773.1530879131527,6.0,"(-16, 16]"
1049.6220807705217,6.0,"(-16, 16]"
1137.6785714285716,6.0,"(-16, 16]"
1647.0510312029526,6.0,"(-16, 16]"
1396.2986644702194,6.0,"(-16, 16]"
-2233.138461538462,6.0,"(-16, 16]"
-6374.675982161209,6.0,"(-16, 16]"
1581.225369835,6.0,"(-16, 16]"
-1251.5211018923992,6.0,"(-16, 16]"
24.560606060606002,6.0,"(-16, 16]"
-67.88888888888869,6.0,"(-16, 16]"
-1463.2208787615039,6.0,"(-16, 16]"
3954.791666666666,6.0,"(-16, 16]"
2283.173076923077,6.0,"(-16, 16]"
-2275.653320314375,6.0,"(-16, 16]"
2059.0,6.0,"(-16, 16]"
1783.0,6.0,"(-16, 16]"
-1879.0714285714284,6.0,"(-16, 16]"
1593.6999999999996,6.0,"(-16, 16]"
-3853.5745454545454,6.0,"(-16, 16]"
2392.0,7.0,"(-16, 16]"
-990.1568435899107,7.0,"(-16, 16]"
2241.3076923076924,7.0,"(-16, 16]"
113.32130864366718,7.0,"(-16, 16]"
-5525.8943405170285,7.0,"(-16, 16]"
-970.5129870129872,7.0,"(-16, 16]"
-287.4000000000001,7.0,"(-16, 16]"
-413.34558823529403,7.0,"(-16, 16]"
2823.7058823529414,7.0,"(-16, 16]"
-9274.769658624784,7.0,"(-16, 16]"
-3539.54168171,7.0,"(-16, 16]"
1390.191309131459,7.0,"(-16, 16]"
-131.0488484645839,7.0,"(-16, 16]"
-6036.0,7.0,"(-16, 16]"
-9317.332307692308,7.0,"(-16, 16]"
-799.3264357107691,7.0,"(-16, 16]"
-2329.8622067123792,7.0,"(-16, 16]"
2932.547826086957,7.0,"(-16, 16]"
299.36263736263714,7.0,"(-16, 16]"
-4516.924999999998,7.0,"(-16, 16]"
5096.620869565218,7.0,"(-16, 16]"
192.60769230769074,7.0,"(-16, 16]"
1567.8999999999994,7.0,"(-16, 16]"
745.5128205128203,7.0,"(-16, 16]"
-1466.1180124223602,7.0,"(-16, 16]"
1734.763636363636,7.0,"(-16, 16]"
-1628.5277777777774,7.0,"(-16, 16]"
-3516.1111111111113,7.0,"(-16, 16]"
-375.317894736842,7.0,"(-16, 16]"
-3172.972307692308,7.0,"(-16, 16]"
1039.4605263157896,7.0,"(-16, 16]"
67.47115384615427,7.0,"(-16, 16]"
1194.5972263353588,7.0,"(-16, 16]"
977.2531495074504,7.0,"(-16, 16]"
-1352.0727824977002,7.0,"(-16, 16]"
-1932.5818580032687,7.0,"(-16, 16]"
-2288.340909090909,7.0,"(-16, 16]"
-1501.5200000000007,7.0,"(-16, 16]"
974.1731601731605,7.0,"(-16, 16]"
920.230417399462,7.0,"(-16, 16]"
18393.897435897437,7.0,"(-16, 16]"
-3541.84,7.0,"(-16, 16]"
-1540.3200000000006,7.0,"(-16, 16]"
-1383.797435897437,8.0,"(-16, 16]"
-5413.583333333333,8.0,"(-16, 16]"
919.5358416895621,8.0,"(-16, 16]"
-1172.2963636363636,8.0,"(-16, 16]"
1519.1899999999994,8.0,"(-16, 16]"
-2397.522727272728,8.0,"(-16, 16]"
-4083.878787878787,8.0,"(-16, 16]"
1966.0970110227145,8.0,"(-16, 16]"
-989.6351388254584,8.0,"(-16, 16]"
268.28769230769194,8.0,"(-16, 16]"
-73.49499999999989,8.0,"(-16, 16]"
-1670.25,8.0,"(-16, 16]"
-168.66666666666652,8.0,"(-16, 16]"
1906.2625000000005,8.0,"(-16, 16]"
-2380.175667558885,8.0,"(-16, 16]"
-585.3686956521742,8.0,"(-16, 16]"
-968.3500000000003,8.0,"(-16, 16]"
1111.2368421052631,8.0,"(-16, 16]"
-1324.4583333333335,8.0,"(-16, 16]"
-1092.2207877301669,8.0,"(-16, 16]"
1485.208333333334,8.0,"(-16, 16]"
-138.0870632586666,8.0,"(-16, 16]"
-3737.022263077733,8.0,"(-16, 16]"
5878.710918720307,8.0,"(-16, 16]"
-16.044117647058552,8.0,"(-16, 16]"
4280.5,8.0,"(-16, 16]"
1802.4750000000006,8.0,"(-16, 16]"
-1145.209486166008,8.0,"(-16, 16]"
-1918.4775641025644,8.0,"(-16, 16]"
3127.291666666666,8.0,"(-16, 16]"
-1748.29130676368,8.0,"(-16, 16]"
1234.5199999999995,8.0,"(-16, 16]"
2625.445580775741,8.0,"(-16, 16]"
3317.100000000001,8.0,"(-16, 16]"
1061.7777777777774,8.0,"(-16, 16]"
-3973.32,8.0,"(-16, 16]"
-2244.3030303030305,8.0,"(-16, 16]"
5684.692307692309,8.0,"(-16, 16]"
-935.936363636364,8.0,"(-16, 16]"
5511.357142857143,8.0,"(-16, 16]"
3445.077281907817,8.0,"(-16, 16]"
-2746.958333333333,8.0,"(-16, 16]"
2421.727272727273,9.0,"(-16, 16]"
10482.75,9.0,"(-16, 16]"
1524.9542857142858,9.0,"(-16, 16]"
-1950.9848455983333,9.0,"(-16, 16]"
697.25,9.0,"(-16, 16]"
-2329.091228070176,9.0,"(-16, 16]"
-737.6058093401742,9.0,"(-16, 16]"
-6330.266666666666,9.0,"(-16, 16]"
-3791.444444444444,9.0,"(-16, 16]"
-2058.8,9.0,"(-16, 16]"
-1880.6850000000006,9.0,"(-16, 16]"
3744.011381001847,9.0,"(-16, 16]"
782.8352030297892,9.0,"(-16, 16]"
-3758.506072874494,9.0,"(-16, 16]"
-716.6755555555555,9.0,"(-16, 16]"
58.90220286033354,9.0,"(-16, 16]"
-1428.2380952380954,9.0,"(-16, 16]"
-166.0,9.0,"(-16, 16]"
-1636.457758583335,9.0,"(-16, 16]"
-18.875,9.0,"(-16, 16]"
4875.4961301630765,9.0,"(-16, 16]"
952.286153846154,9.0,"(-16, 16]"
4449.61111111111,9.0,"(-16, 16]"
1034.436363636364,9.0,"(-16, 16]"
199.0,9.0,"(-16, 16]"
-1585.1704545454545,9.0,"(-16, 16]"
-251.7559523809523,9.0,"(-16, 16]"
133.66666666666606,9.0,"(-16, 16]"
494.8303437411523,9.0,"(-16, 16]"
3030.3342578342363,9.0,"(-16, 16]"
1506.388888888889,9.0,"(-16, 16]"
7509.502347127863,9.0,"(-16, 16]"
1288.6604278074865,9.0,"(-16, 16]"
3260.1663079773402,9.0,"(-16, 16]"
-1744.9853259247614,9.0,"(-16, 16]"
2687.7,9.0,"(-16, 16]"
97.28307692307726,9.0,"(-16, 16]"
-3409.505882352941,9.0,"(-16, 16]"
2795.888888888889,9.0,"(-16, 16]"
5247.148812765197,9.0,"(-16, 16]"
-1972.2779095939768,9.0,"(-16, 16]"
-2289.309520380455,9.0,"(-16, 16]"
758.3421052631575,9.0,"(-16, 16]"
689.730769230769,9.0,"(-16, 16]"
-2979.0897836538456,9.0,"(-16, 16]"
2491.944444444445,9.0,"(-16, 16]"
731.7514197986708,9.0,"(-16, 16]"
-3512.0263157894733,9.0,"(-16, 16]"
-2601.833333333333,9.0,"(-16, 16]"
-92.8000000000002,9.0,"(-16, 16]"
-1511.090909090909,9.0,"(-16, 16]"
10479.983333333334,9.0,"(-16, 16]"
-533.7500000000006,9.0,"(-16, 16]"
969.8571428571432,9.0,"(-16, 16]"
-531.8579545454545,9.0,"(-16, 16]"
-567.996212121212,9.0,"(-16, 16]"
3913.733333333333,9.0,"(-16, 16]"
144.85714285714266,9.0,"(-16, 16]"
339.07142857142844,9.0,"(-16, 16]"
1150.7910114351496,9.0,"(-16, 16]"
777.041666666667,9.0,"(-16, 16]"
-727.4210526315786,9.0,"(-16, 16]"
-456.1363636363635,9.0,"(-16, 16]"
-4015.122910508923,9.0,"(-16, 16]"
-2561.179487179487,9.0,"(-16, 16]"
2024.4279176201367,9.0,"(-16, 16]"
4577.740576177999,9.0,"(-16, 16]"
4375.833333333333,9.0,"(-16, 16]"
3719.128205128205,9.0,"(-16, 16]"
4619.720794020865,9.0,"(-16, 16]"
1437.9411764705883,10.0,"(-16, 16]"
1583.4425770308123,10.0,"(-16, 16]"
-290.60000000000036,10.0,"(-16, 16]"
1555.7999136398005,10.0,"(-16, 16]"
-28.698412698412536,10.0,"(-16, 16]"
-2019.7423022458847,10.0,"(-16, 16]"
-73.93280632411006,10.0,"(-16, 16]"
-1049.0,10.0,"(-16, 16]"
-1659.6875,10.0,"(-16, 16]"
-557.8315387819293,10.0,"(-16, 16]"
1861.6111111111115,10.0,"(-16, 16]"
1811.455907476337,10.0,"(-16, 16]"
-637.0522239797419,10.0,"(-16, 16]"
3449.16408252836,10.0,"(-16, 16]"
-914.2048207201732,10.0,"(-16, 16]"
1098.0473327638333,10.0,"(-16, 16]"
640.4615384615381,10.0,"(-16, 16]"
1159.462760415332,10.0,"(-16, 16]"
4492.8,10.0,"(-16, 16]"
2054.6725882663386,10.0,"(-16, 16]"
1013.6909090909094,10.0,"(-16, 16]"
926.533268213,10.0,"(-16, 16]"
418.80458515998123,10.0,"(-16, 16]"
214.98769123966667,10.0,"(-16, 16]"
3172.9743589743593,10.0,"(-16, 16]"
2024.5762476387147,10.0,"(-16, 16]"
-1046.663910465582,10.0,"(-16, 16]"
1048.9818181818182,10.0,"(-16, 16]"
1242.315789473685,10.0,"(-16, 16]"
5534.933846153846,10.0,"(-16, 16]"
1249.1762820512822,10.0,"(-16, 16]"
-661.8823529411766,10.0,"(-16, 16]"
-1381.9519230769226,10.0,"(-16, 16]"
2369.9953846153853,10.0,"(-16, 16]"
3720.333333333334,10.0,"(-16, 16]"
481.1999999999999,10.0,"(-16, 16]"
3682.8989898989903,10.0,"(-16, 16]"
286.21428571428584,10.0,"(-16, 16]"
-2287.065217391304,10.0,"(-16, 16]"
-190.8287217911111,10.0,"(-16, 16]"
-428.6446078431373,10.0,"(-16, 16]"
651.3684210526318,10.0,"(-16, 16]"
5244.836538461538,10.0,"(-16, 16]"
900.4876923076927,10.0,"(-16, 16]"
88.61111111111109,10.0,"(-16, 16]"
10335.591666666664,11.0,"(-16, 16]"
-7397.965,11.0,"(-16, 16]"
261.02943641094726,11.0,"(-16, 16]"
-1261.1422222222227,11.0,"(-16, 16]"
870.8743379868965,11.0,"(-16, 16]"
-1750.7222222222226,11.0,"(-16, 16]"
467.6923076923077,11.0,"(-16, 16]"
-194.3470588235293,11.0,"(-16, 16]"
-4420.9904761904745,11.0,"(-16, 16]"
-975.2564102564107,11.0,"(-16, 16]"
-2656.708333333333,11.0,"(-16, 16]"
-889.0279720279723,11.0,"(-16, 16]"
-657.6666666666667,11.0,"(-16, 16]"
-138.77000000000044,11.0,"(-16, 16]"
-2951.469880472304,11.0,"(-16, 16]"
-863.2538461538461,11.0,"(-16, 16]"
-5082.846153846154,11.0,"(-16, 16]"
299.1190476190477,11.0,"(-16, 16]"
836.8035714285717,11.0,"(-16, 16]"
-3338.76,11.0,"(-16, 16]"
-1324.038461538461,11.0,"(-16, 16]"
497.0,11.0,"(-16, 16]"
3710.9375,11.0,"(-16, 16]"
1843.36,11.0,"(-16, 16]"
-29.66666666666652,11.0,"(-16, 16]"
290.25217391304335,11.0,"(-16, 16]"
-397.93888888888887,11.0,"(-16, 16]"
1368.4876923076918,11.0,"(-16, 16]"
-1588.875,11.0,"(-16, 16]"
-2372.5733333333333,11.0,"(-16, 16]"
528.0082353395246,11.0,"(-16, 16]"
698.7284695202907,11.0,"(-16, 16]"
790.887351778656,11.0,"(-16, 16]"
-1434.7222222222224,11.0,"(-16, 16]"
-655.8452380952385,12.0,"(-16, 16]"
589.4102564102559,12.0,"(-16, 16]"
1064.1984615384606,12.0,"(-16, 16]"
166.09790209790208,12.0,"(-16, 16]"
573.1869187795455,12.0,"(-16, 16]"
-457.6666666666665,12.0,"(-16, 16]"
-397.8986013986014,12.0,"(-16, 16]"
2190.04,12.0,"(-16, 16]"
-1123.4708062779637,12.0,"(-16, 16]"
856.8243967068,12.0,"(-16, 16]"
-19993.4502343756,12.0,"(-16, 16]"
825.4326415120809,12.0,"(-16, 16]"
1862.5124716246319,12.0,"(-16, 16]"
-897.2435897435888,12.0,"(-16, 16]"
-315.0761904761912,12.0,"(-16, 16]"
484.6666666666665,12.0,"(-16, 16]"
1418.8278985507238,12.0,"(-16, 16]"
2344.932327365584,12.0,"(-16, 16]"
1.6499999999996362,12.0,"(-16, 16]"
4963.6799999999985,12.0,"(-16, 16]"
782.4148325716956,12.0,"(-16, 16]"
554.1165329545652,12.0,"(-16, 16]"
-2070.833333333333,12.0,"(-16, 16]"
-2373.419130434783,12.0,"(-16, 16]"
-7069.666666666666,12.0,"(-16, 16]"
1786.0,12.0,"(-16, 16]"
4968.883333333333,12.0,"(-16, 16]"
187.81636363636426,12.0,"(-16, 16]"
3637.5769230769233,12.0,"(-16, 16]"
-13502.25,12.0,"(-16, 16]"
-589.3499999999998,12.0,"(-16, 16]"
-1848.958333333333,12.0,"(-16, 16]"
1097.7518068931668,12.0,"(-16, 16]"
192.0571428571429,12.0,"(-16, 16]"
2398.803418803419,12.0,"(-16, 16]"
-1397.7135823582644,12.0,"(-16, 16]"
-187.844696969697,12.0,"(-16, 16]"
3064.0243478260877,12.0,"(-16, 16]"
42.62217194570076,12.0,"(-16, 16]"
693.166666666667,12.0,"(-16, 16]"
1134.54,12.0,"(-16, 16]"
-520.113636363636,12.0,"(-16, 16]"
-1193.1333333333334,12.0,"(-16, 16]"
-3970.5,12.0,"(-16, 16]"
-726.2607344569342,12.0,"(-16, 16]"
-481.21739130434753,12.0,"(-16, 16]"
1838.2929061784894,12.0,"(-16, 16]"
4533.55998535,12.0,"(-16, 16]"
-884.5192307692305,12.0,"(-16, 16]"
-569.8044189463008,12.0,"(-16, 16]"
327.0,12.0,"(-16, 16]"
-837.6184615384618,13.0,"(-16, 16]"
-2595.211462450593,13.0,"(-16, 16]"
-5541.119999999999,13.0,"(-16, 16]"
3655.207692307691,13.0,"(-16, 16]"
1356.4444444444443,13.0,"(-16, 16]"
462.3227272727274,13.0,"(-16, 16]"
1275.2633048150285,13.0,"(-16, 16]"
-4340.5,13.0,"(-16, 16]"
-777.9892307692309,13.0,"(-16, 16]"
-4108.2307692307695,13.0,"(-16, 16]"
-348.68873179818183,13.0,"(-16, 16]"
-2731.232727272727,13.0,"(-16, 16]"
-2085.1153846153848,13.0,"(-16, 16]"
1357.1785714285716,13.0,"(-16, 16]"
-1298.1310160427809,13.0,"(-16, 16]"
-629.391304347826,13.0,"(-16, 16]"
-397.0,13.0,"(-16, 16]"
1195.6015037593986,13.0,"(-16, 16]"
-1432.8023681675006,13.0,"(-16, 16]"
-2492.296886443941,13.0,"(-16, 16]"
-1662.2947368421044,13.0,"(-16, 16]"
-164.28620572611817,13.0,"(-16, 16]"
3592.6250000000005,13.0,"(-16, 16]"
5289.005016722409,13.0,"(-16, 16]"
3741.35,13.0,"(-16, 16]"
-5976.115384615385,13.0,"(-16, 16]"
3133.0877916993236,13.0,"(-16, 16]"
113.55555555555564,13.0,"(-16, 16]"
-2363.498461538461,13.0,"(-16, 16]"
865.2409420289861,13.0,"(-16, 16]"
-371.79285714285743,13.0,"(-16, 16]"
7659.401709401709,13.0,"(-16, 16]"
-1589.67,13.0,"(-16, 16]"
1233.2477213355915,13.0,"(-16, 16]"
-1817.9828571428573,13.0,"(-16, 16]"
365.0317907325834,13.0,"(-16, 16]"
4301.238807090513,13.0,"(-16, 16]"
5906.462184873952,13.0,"(-16, 16]"
-605.290769230769,13.0,"(-16, 16]"
-2036.678899030957,13.0,"(-16, 16]"
-3215.133333333333,13.0,"(-16, 16]"
2229.885714285715,13.0,"(-16, 16]"
970.9206349206343,13.0,"(-16, 16]"
1933.840799968333,13.0,"(-16, 16]"
-2697.4285714285706,14.0,"(-16, 16]"
-5543.277777777777,14.0,"(-16, 16]"
-2787.5,14.0,"(-16, 16]"
-441.6538461538462,14.0,"(-16, 16]"
-688.1575757575757,14.0,"(-16, 16]"
1300.7735314020165,14.0,"(-16, 16]"
8.710286823855313,14.0,"(-16, 16]"
-825.958333333333,14.0,"(-16, 16]"
-576.247692307692,14.0,"(-16, 16]"
-319.3199999999997,14.0,"(-16, 16]"
-3158.8711111111115,14.0,"(-16, 16]"
-788.666666666667,14.0,"(-16, 16]"
-1846.3,14.0,"(-16, 16]"
-690.2857142857138,14.0,"(-16, 16]"
841.1599999999999,14.0,"(-16, 16]"
-499.22222222222223,14.0,"(-16, 16]"
91.22176106533335,14.0,"(-16, 16]"
140.03048212453132,14.0,"(-16, 16]"
-237.280303030303,14.0,"(-16, 16]"
105.8000000000002,14.0,"(-16, 16]"
-1159.2222222222215,14.0,"(-16, 16]"
8295.625546740324,14.0,"(-16, 16]"
-144.78787878787898,14.0,"(-16, 16]"
1106.664615384615,14.0,"(-16, 16]"
934.8181818181821,14.0,"(-16, 16]"
-3403.0494531268,14.0,"(-16, 16]"
1582.8666666666668,14.0,"(-16, 16]"
-1180.4257142857132,14.0,"(-16, 16]"
470.9149923363684,14.0,"(-16, 16]"
5024.388969688559,14.0,"(-16, 16]"
-996.89088866964,14.0,"(-16, 16]"
69.96348415852026,14.0,"(-16, 16]"
-360.90909090909105,15.0,"(-16, 16]"
-561.0661538461545,15.0,"(-16, 16]"
982.4783333333336,15.0,"(-16, 16]"
3628.1057692307695,15.0,"(-16, 16]"
701.3984833323748,15.0,"(-16, 16]"
-648.3510221357164,15.0,"(-16, 16]"
-629.935064935065,15.0,"(-16, 16]"
-2418.024897634085,15.0,"(-16, 16]"
-4456.361578557018,15.0,"(-16, 16]"
6118.6,15.0,"(-16, 16]"
-2754.44,15.0,"(-16, 16]"
-2184.3553929736445,15.0,"(-16, 16]"
190.79047619047557,15.0,"(-16, 16]"
-5077.382681479557,15.0,"(-16, 16]"
-672.4000000000002,15.0,"(-16, 16]"
-543.2459480271241,15.0,"(-16, 16]"
4339.336538461539,15.0,"(-16, 16]"
3479.7866666666664,15.0,"(-16, 16]"
-3753.967412156617,15.0,"(-16, 16]"
1722.6538461538455,15.0,"(-16, 16]"
587.6862745098032,15.0,"(-16, 16]"
4025.076923076924,15.0,"(-16, 16]"
729.1931858065,15.0,"(-16, 16]"
1849.952991452992,15.0,"(-16, 16]"
-2758.916666666667,15.0,"(-16, 16]"
1369.5952380952385,15.0,"(-16, 16]"
-218.16666666666612,15.0,"(-16, 16]"
2001.5199999999993,15.0,"(-16, 16]"
6281.574789238075,15.0,"(-16, 16]"
-2877.205400679056,15.0,"(-16, 16]"
2186.0476190476197,15.0,"(-16, 16]"
-1159.0,15.0,"(-16, 16]"
-1104.9210526315787,15.0,"(-16, 16]"
-717.5,15.0,"(-16, 16]"
1683.1722412089985,15.0,"(-16, 16]"
-527.5492691256442,15.0,"(-16, 16]"
-2140.5789473684213,15.0,"(-16, 16]"
-2164.8090087896667,15.0,"(-16, 16]"
-423.28166666666635,15.0,"(-16, 16]"
-498.2416450213996,15.0,"(-16, 16]"
-1684.1439393939395,15.0,"(-16, 16]"
489.8333333333335,16.0,"(-16, 16]"
-1748.0708333333332,16.0,"(-16, 16]"
-1440.3726315789474,16.0,"(-16, 16]"
-218.99178669999992,16.0,"(-16, 16]"
672.7759435140782,16.0,"(-16, 16]"
2837.128205128205,16.0,"(-16, 16]"
1544.4300000000005,16.0,"(-16, 16]"
-2628.901052631579,16.0,"(-16, 16]"
4129.4887661726,16.0,"(-16, 16]"
-2384.141383901076,16.0,"(-16, 16]"
-1565.6794871794882,16.0,"(-16, 16]"
6884.658862876255,16.0,"(-16, 16]"
9358.060916126004,16.0,"(-16, 16]"
392.17755882766687,16.0,"(-16, 16]"
2004.6440455137774,16.0,"(-16, 16]"
-990.7983333333333,16.0,"(-16, 16]"
-294.8173913043479,16.0,"(-16, 16]"
1408.14,16.0,"(-16, 16]"
2697.7999999999993,16.0,"(-16, 16]"
83.33895813472986,16.0,"(-16, 16]"
664.5636363636362,16.0,"(-16, 16]"
-1193.2836289866825,16.0,"(-16, 16]"
1633.4590909090912,16.0,"(-16, 16]"
142.9200000000001,16.0,"(-16, 16]"
6302.631012597342,16.0,"(-16, 16]"
2240.159731764944,16.0,"(-16, 16]"
-1737.5745454545456,16.0,"(-16, 16]"
1895.1089743589746,16.0,"(-16, 16]"
-1016.4404229747996,16.0,"(-16, 16]"
-614.2020785623412,16.0,"(-16, 16]"
316.55111111111086,16.0,"(-16, 16]"
2610.576666666667,16.0,"(-16, 16]"
-8136.991452991452,16.0,"(-16, 16]"
1132.9201941882511,16.0,"(-16, 16]"
2118.266917293233,16.0,"(-16, 16]"
-16.08888888888851,16.0,"(-16, 16]"
2748.6538461538457,16.0,"(-16, 16]"
5194.59090909091,16.0,"(-16, 16]"
-2066.5552941176466,17.0,"(16, 48]"
5589.623076923077,17.0,"(16, 48]"
-346.32727272727243,17.0,"(16, 48]"
-1845.5569230769227,17.0,"(16, 48]"
-2936.4673684210543,17.0,"(16, 48]"
-8278.022222222222,17.0,"(16, 48]"
1124.3000000000004,17.0,"(16, 48]"
1968.735439592847,17.0,"(16, 48]"
-3705.693333333333,17.0,"(16, 48]"
-882.0615384615386,17.0,"(16, 48]"
-1810.7588235294115,17.0,"(16, 48]"
-5008.458333333333,17.0,"(16, 48]"
-415.49972411876024,17.0,"(16, 48]"
249.0458803005081,17.0,"(16, 48]"
1743.6985962414926,17.0,"(16, 48]"
2432.4027816739945,17.0,"(16, 48]"
1862.1532117692645,17.0,"(16, 48]"
-934.8500000000003,17.0,"(16, 48]"
-116.375,17.0,"(16, 48]"
105.65999999999985,17.0,"(16, 48]"
772.1604150680669,17.0,"(16, 48]"
3331.9949494949506,17.0,"(16, 48]"
935.1153846153846,17.0,"(16, 48]"
1456.7173913043482,17.0,"(16, 48]"
1540.8923076923083,17.0,"(16, 48]"
60.0,17.0,"(16, 48]"
3140.469662620047,17.0,"(16, 48]"
-3813.9589759358228,17.0,"(16, 48]"
1578.8095238095239,17.0,"(16, 48]"
2812.905806232772,17.0,"(16, 48]"
-1229.492876688953,17.0,"(16, 48]"
1198.0107692307693,17.0,"(16, 48]"
112.48259229252426,17.0,"(16, 48]"
-4108.528138528139,17.0,"(16, 48]"
2389.2216046282924,17.0,"(16, 48]"
-2136.148285372934,17.0,"(16, 48]"
1665.6154728271945,18.0,"(16, 48]"
1816.7828368463306,18.0,"(16, 48]"
-531.8484848484848,18.0,"(16, 48]"
-440.06773697011977,18.0,"(16, 48]"
3149.603260869565,18.0,"(16, 48]"
113.6378857355994,18.0,"(16, 48]"
-593.9880952380953,18.0,"(16, 48]"
5948.439231466842,18.0,"(16, 48]"
5523.938461538461,18.0,"(16, 48]"
-1026.7292307692303,18.0,"(16, 48]"
296.34523809523813,18.0,"(16, 48]"
133.01778743435258,18.0,"(16, 48]"
2709.5016666666666,18.0,"(16, 48]"
869.9000000000002,18.0,"(16, 48]"
3762.824891104055,18.0,"(16, 48]"
-1067.0,18.0,"(16, 48]"
6867.461538461539,18.0,"(16, 48]"
-3857.0608010512597,18.0,"(16, 48]"
-1078.2948614532002,18.0,"(16, 48]"
-883.1904761904767,18.0,"(16, 48]"
1331.9358974358975,18.0,"(16, 48]"
-360.3669565217388,18.0,"(16, 48]"
-25.64285714285689,18.0,"(16, 48]"
-322.1923076923076,18.0,"(16, 48]"
-3689.111111111111,18.0,"(16, 48]"
-1612.8823529411764,18.0,"(16, 48]"
-81.45192307692288,19.0,"(16, 48]"
687.5231603009162,19.0,"(16, 48]"
-3638.6394048579796,19.0,"(16, 48]"
-932.1312077833333,19.0,"(16, 48]"
3337.8661538461547,19.0,"(16, 48]"
-312.2562929061787,19.0,"(16, 48]"
-3312.421788770644,19.0,"(16, 48]"
2093.738796334029,19.0,"(16, 48]"
128.08528428093723,19.0,"(16, 48]"
4855.066744715121,19.0,"(16, 48]"
9.214545454545712,19.0,"(16, 48]"
-1505.7683333333334,19.0,"(16, 48]"
-163.55306250376043,19.0,"(16, 48]"
-31.54096429072888,19.0,"(16, 48]"
-401.33936651583707,19.0,"(16, 48]"
414.6685294639019,19.0,"(16, 48]"
-6491.5,19.0,"(16, 48]"
-1854.2857142857142,19.0,"(16, 48]"
3875.839386761452,19.0,"(16, 48]"
2534.2302634507887,19.0,"(16, 48]"
-1538.6789209371664,19.0,"(16, 48]"
-1102.5,19.0,"(16, 48]"
945.3313033575688,19.0,"(16, 48]"
-808.4700000000003,19.0,"(16, 48]"
3613.9150706124296,20.0,"(16, 48]"
-423.6876923076925,20.0,"(16, 48]"
1206.4135338345861,20.0,"(16, 48]"
808.6999999999997,20.0,"(16, 48]"
1531.5999999999995,20.0,"(16, 48]"
-289.23333333333335,20.0,"(16, 48]"
-3017.538461538462,20.0,"(16, 48]"
451.8318181818177,20.0,"(16, 48]"
4134.681261800133,20.0,"(16, 48]"
-3939.25,20.0,"(16, 48]"
379.1428571428573,20.0,"(16, 48]"
1704.3353846153839,20.0,"(16, 48]"
-827.5333333333333,20.0,"(16, 48]"
-919.0166870099063,20.0,"(16, 48]"
-1620.1106702024697,20.0,"(16, 48]"
151.235110327762,20.0,"(16, 48]"
-1380.6399999999994,20.0,"(16, 48]"
404.59523809523813,20.0,"(16, 48]"
9099.765542151916,20.0,"(16, 48]"
-1016.625,20.0,"(16, 48]"
1048.9761904761901,20.0,"(16, 48]"
-4591.181264461276,20.0,"(16, 48]"
2217.4631578947365,20.0,"(16, 48]"
-1141.6111111111113,20.0,"(16, 48]"
-4315.09090909091,20.0,"(16, 48]"
1289.8768115942025,20.0,"(16, 48]"
-1343.0212121212116,20.0,"(16, 48]"
-1793.246153846154,20.0,"(16, 48]"
-5.298345549552323,20.0,"(16, 48]"
15.520833333333485,20.0,"(16, 48]"
-2846.1708145868483,20.0,"(16, 48]"
3376.0030769230766,20.0,"(16, 48]"
1308.0153846153846,20.0,"(16, 48]"
-2289.7677183601195,20.0,"(16, 48]"
-1690.1036609507212,20.0,"(16, 48]"
1716.3809523809525,20.0,"(16, 48]"
-771.0081276289267,20.0,"(16, 48]"
-1996.7147435897439,20.0,"(16, 48]"
-256.2626811594205,20.0,"(16, 48]"
-1521.25,20.0,"(16, 48]"
467.375,20.0,"(16, 48]"
520.3245566496771,21.0,"(16, 48]"
-60.589285714285325,21.0,"(16, 48]"
-2894.130769230769,21.0,"(16, 48]"
-394.94861660079096,21.0,"(16, 48]"
619.9076923076917,21.0,"(16, 48]"
-824.2307692307695,21.0,"(16, 48]"
-1504.8230769230768,21.0,"(16, 48]"
-2856.208333333333,21.0,"(16, 48]"
-1453.8333333333335,21.0,"(16, 48]"
1302.5714285714284,21.0,"(16, 48]"
-904.9682274247486,21.0,"(16, 48]"
2895.093379034984,21.0,"(16, 48]"
-421.5750173534988,21.0,"(16, 48]"
-1841.7019607843133,21.0,"(16, 48]"
-3402.9962900266546,21.0,"(16, 48]"
-639.347826086956,21.0,"(16, 48]"
-780.6999999999997,21.0,"(16, 48]"
396.25230769230797,21.0,"(16, 48]"
-1661.1944444444446,21.0,"(16, 48]"
492.3691047714788,22.0,"(16, 48]"
2770.95,22.0,"(16, 48]"
-1821.8461538461536,22.0,"(16, 48]"
-1818.8952380952387,22.0,"(16, 48]"
659.8269230769229,22.0,"(16, 48]"
2244.054574546197,22.0,"(16, 48]"
-1444.6913043478262,22.0,"(16, 48]"
-4950.483591714583,22.0,"(16, 48]"
-1251.0,22.0,"(16, 48]"
-811.5254794039087,22.0,"(16, 48]"
1319.3333333333335,22.0,"(16, 48]"
1433.1923076923074,22.0,"(16, 48]"
889.187969924812,22.0,"(16, 48]"
2700.8095238095234,22.0,"(16, 48]"
294.91666666666697,22.0,"(16, 48]"
17.322169605637555,22.0,"(16, 48]"
-1160.7115384615379,22.0,"(16, 48]"
2125.4830769230775,22.0,"(16, 48]"
968.6205183279137,22.0,"(16, 48]"
281.322222222223,22.0,"(16, 48]"
2225.055892796676,22.0,"(16, 48]"
241.4934640522879,23.0,"(16, 48]"
-1101.5252525252527,23.0,"(16, 48]"
-1725.5179814363019,23.0,"(16, 48]"
2787.651896220167,23.0,"(16, 48]"
1081.9714285714283,23.0,"(16, 48]"
-1194.4951965568007,23.0,"(16, 48]"
-1283.0508413442706,23.0,"(16, 48]"
-948.7395017073759,23.0,"(16, 48]"
-769.2166666666667,23.0,"(16, 48]"
3065.2058823529405,23.0,"(16, 48]"
3113.33076923077,23.0,"(16, 48]"
9299.84,23.0,"(16, 48]"
-1306.3743315508018,23.0,"(16, 48]"
626.6500000000002,23.0,"(16, 48]"
2632.282051282052,23.0,"(16, 48]"
259.16869565217394,23.0,"(16, 48]"
-1473.4680379502724,23.0,"(16, 48]"
200.98923076922986,23.0,"(16, 48]"
-1868.91,23.0,"(16, 48]"
-1131.5277777777776,23.0,"(16, 48]"
-1390.9375,23.0,"(16, 48]"
415.89198821987634,23.0,"(16, 48]"
3481.3095238095248,23.0,"(16, 48]"
1138.5483333333332,23.0,"(16, 48]"
1114.6987194177254,23.0,"(16, 48]"
5571.2493583496425,23.0,"(16, 48]"
-1053.4874506557198,23.0,"(16, 48]"
-1980.5676923076928,23.0,"(16, 48]"
1739.3636363636358,23.0,"(16, 48]"
-177.063449415381,24.0,"(16, 48]"
-184.5588235294117,24.0,"(16, 48]"
-1468.0297619047612,24.0,"(16, 48]"
327.49648030499975,24.0,"(16, 48]"
-1872.8833333333332,24.0,"(16, 48]"
-61.22672064777316,24.0,"(16, 48]"
-500.309147627826,24.0,"(16, 48]"
-985.5357142857142,24.0,"(16, 48]"
2446.7669565217393,24.0,"(16, 48]"
1624.1098583676014,24.0,"(16, 48]"
1765.3999999999994,24.0,"(16, 48]"
8069.003636363635,24.0,"(16, 48]"
1065.6111111111113,25.0,"(16, 48]"
-2312.208333333334,25.0,"(16, 48]"
-2640.676691729325,25.0,"(16, 48]"
2434.607142857143,25.0,"(16, 48]"
-1030.6558284282305,25.0,"(16, 48]"
3640.878205128206,25.0,"(16, 48]"
572.1772146960514,25.0,"(16, 48]"
-336.5833333333335,25.0,"(16, 48]"
3993.414078674948,25.0,"(16, 48]"
-469.50416666666666,25.0,"(16, 48]"
75.69696969696997,25.0,"(16, 48]"
-6894.9769230769225,25.0,"(16, 48]"
1825.666666666667,25.0,"(16, 48]"
1424.2463756829309,25.0,"(16, 48]"
-1906.555555555556,25.0,"(16, 48]"
-4399.166666666667,25.0,"(16, 48]"
-2957.6190476190477,26.0,"(16, 48]"
3402.584615384615,26.0,"(16, 48]"
-1308.1041666666667,26.0,"(16, 48]"
1849.0238095238094,26.0,"(16, 48]"
-2796.537001950799,26.0,"(16, 48]"
-306.71428571428584,26.0,"(16, 48]"
4994.25,26.0,"(16, 48]"
-2670.8061538461543,26.0,"(16, 48]"
1200.375,26.0,"(16, 48]"
2041.870472440538,26.0,"(16, 48]"
2171.666666666667,26.0,"(16, 48]"
469.5738461538458,26.0,"(16, 48]"
670.361973309999,26.0,"(16, 48]"
4248.625,27.0,"(16, 48]"
2802.0342423842003,27.0,"(16, 48]"
-507.0415384615381,27.0,"(16, 48]"
-2192.0416666666665,27.0,"(16, 48]"
1828.1442871091251,27.0,"(16, 48]"
3779.761218525955,27.0,"(16, 48]"
3038.603076923077,27.0,"(16, 48]"
3112.666666666667,27.0,"(16, 48]"
-496.104166666666,27.0,"(16, 48]"
171.82233058639576,27.0,"(16, 48]"
-762.5,27.0,"(16, 48]"
-2809.2121212121224,27.0,"(16, 48]"
2823.359554190808,27.0,"(16, 48]"
-1650.230069011,27.0,"(16, 48]"
2769.992307692308,27.0,"(16, 48]"
-740.7723076923085,27.0,"(16, 48]"
-401.7714285714282,28.0,"(16, 48]"
1960.833333333333,28.0,"(16, 48]"
-3573.1671703232923,28.0,"(16, 48]"
1273.9165126263388,28.0,"(16, 48]"
-2079.8277777777776,28.0,"(16, 48]"
-2629.4269239470004,28.0,"(16, 48]"
-955.5571239611604,28.0,"(16, 48]"
272.630293901404,28.0,"(16, 48]"
-1016.9444444444451,28.0,"(16, 48]"
-901.7869902198833,28.0,"(16, 48]"
6919.369230769231,28.0,"(16, 48]"
385.9560439560437,28.0,"(16, 48]"
1929.4210526315787,28.0,"(16, 48]"
-1808.5,28.0,"(16, 48]"
54.47735705190553,28.0,"(16, 48]"
95.54307692307701,29.0,"(16, 48]"
-1752.75,29.0,"(16, 48]"
-1408.88,29.0,"(16, 48]"
-1069.3599999999997,29.0,"(16, 48]"
2473.714285714286,29.0,"(16, 48]"
-3533.240000000001,29.0,"(16, 48]"
4583.369047619048,29.0,"(16, 48]"
541.2389952979338,29.0,"(16, 48]"
782.6546847269677,29.0,"(16, 48]"
-875.5885569253328,29.0,"(16, 48]"
-1962.0192307692307,30.0,"(16, 48]"
11319.962106279563,30.0,"(16, 48]"
680.5653846153846,30.0,"(16, 48]"
2410.350000000001,30.0,"(16, 48]"
1995.6584615384616,30.0,"(16, 48]"
1016.8876923076924,30.0,"(16, 48]"
-3238.255573733332,30.0,"(16, 48]"
-387.68987975665635,30.0,"(16, 48]"
329.663043478261,30.0,"(16, 48]"
2534.534871997652,30.0,"(16, 48]"
3330.8602443814443,31.0,"(16, 48]"
-1054.3138461538456,31.0,"(16, 48]"
-3178.3411132793,31.0,"(16, 48]"
106.20476190476164,31.0,"(16, 48]"
-659.3136461078337,31.0,"(16, 48]"
-2380.11,31.0,"(16, 48]"
7.0,31.0,"(16, 48]"
3697.050924472567,31.0,"(16, 48]"
2283.771110534875,31.0,"(16, 48]"
-1312.4100449561495,31.0,"(16, 48]"
-4013.0,31.0,"(16, 48]"
3664.4615384615386,31.0,"(16, 48]"
496.5,32.0,"(16, 48]"
-1431.7586358091312,32.0,"(16, 48]"
-172.75164759106516,32.0,"(16, 48]"
-531.1453852572722,32.0,"(16, 48]"
1428.125,32.0,"(16, 48]"
4081.128458498023,32.0,"(16, 48]"
1347.806818181818,32.0,"(16, 48]"
135.99616172090896,32.0,"(16, 48]"
3312.21,32.0,"(16, 48]"
4171.466666666666,32.0,"(16, 48]"
1040.454545454546,32.0,"(16, 48]"
-816.872549019608,33.0,"(16, 48]"
959.3839937860832,33.0,"(16, 48]"
-1095.855845858273,33.0,"(16, 48]"
775.3704122023661,33.0,"(16, 48]"
-261.9492968770801,33.0,"(16, 48]"
-350.10095029688233,33.0,"(16, 48]"
386.8863636363635,33.0,"(16, 48]"
-785.7909034937927,33.0,"(16, 48]"
-212.94481816923417,33.0,"(16, 48]"
-1876.5742296918768,33.0,"(16, 48]"
-444.05727115740524,34.0,"(16, 48]"
-587.8156521739129,34.0,"(16, 48]"
-1025.9861538461546,34.0,"(16, 48]"
2395.836401121739,34.0,"(16, 48]"
173.981960743512,34.0,"(16, 48]"
8728.25,34.0,"(16, 48]"
1450.4679487179485,34.0,"(16, 48]"
-1307.1731601731599,34.0,"(16, 48]"
-889.2058593776251,34.0,"(16, 48]"
5195.380952380952,35.0,"(16, 48]"
2095.20385765815,35.0,"(16, 48]"
6058.285714285716,35.0,"(16, 48]"
5108.482857142857,35.0,"(16, 48]"
151.33333333333348,35.0,"(16, 48]"
4134.208333333334,35.0,"(16, 48]"
1076.7913043478256,35.0,"(16, 48]"
392.25,35.0,"(16, 48]"
969.5,35.0,"(16, 48]"
1569.8496503496508,35.0,"(16, 48]"
3290.8953846153845,35.0,"(16, 48]"
1244.7049912750135,35.0,"(16, 48]"
261.0512820512822,36.0,"(16, 48]"
937.942028985507,36.0,"(16, 48]"
496.7198744204617,36.0,"(16, 48]"
-2524.8399999999992,36.0,"(16, 48]"
4325.177308262187,36.0,"(16, 48]"
-3209.584615384616,36.0,"(16, 48]"
-2004.5641025641035,36.0,"(16, 48]"
289.8326183166609,36.0,"(16, 48]"
-1921.4082473779367,36.0,"(16, 48]"
-1290.25,36.0,"(16, 48]"
6973.3492307692295,36.0,"(16, 48]"
-1208.3754887342047,36.0,"(16, 48]"
-448.4940787873795,37.0,"(16, 48]"
-3292.166666666667,37.0,"(16, 48]"
-1722.8333333333335,37.0,"(16, 48]"
2129.100949755892,37.0,"(16, 48]"
-6118.866666666668,37.0,"(16, 48]"
1445.56,37.0,"(16, 48]"
-1175.9636363636364,37.0,"(16, 48]"
3822.2914285714287,37.0,"(16, 48]"
1236.7716347214118,37.0,"(16, 48]"
-73.13782051282033,37.0,"(16, 48]"
1341.4183469812488,37.0,"(16, 48]"
4071.7,38.0,"(16, 48]"
4915.188405797101,38.0,"(16, 48]"
-4231.322344322345,38.0,"(16, 48]"
-3721.0,38.0,"(16, 48]"
-1.5333333333333032,39.0,"(16, 48]"
-744.9276566694874,39.0,"(16, 48]"
-43.9399999999996,40.0,"(16, 48]"
348.57509881422897,40.0,"(16, 48]"
-990.4615384615387,40.0,"(16, 48]"
1976.9384615384613,40.0,"(16, 48]"
2637.223443223443,40.0,"(16, 48]"
-59.44565217391301,41.0,"(16, 48]"
4423.25,41.0,"(16, 48]"
1382.5499999999995,41.0,"(16, 48]"
1317.8525641025635,41.0,"(16, 48]"
1245.0015384615378,41.0,"(16, 48]"
5962.0,41.0,"(16, 48]"
3664.164835164836,41.0,"(16, 48]"
375.4742185122304,41.0,"(16, 48]"
607.4059829059829,42.0,"(16, 48]"
227.125,42.0,"(16, 48]"
-291.96825396825443,42.0,"(16, 48]"
-3881.8952380952383,42.0,"(16, 48]"
1329.5619399706786,42.0,"(16, 48]"
-167.9807692307695,42.0,"(16, 48]"
1176.5373457571359,43.0,"(16, 48]"
4673.125,43.0,"(16, 48]"
2111.583333333334,43.0,"(16, 48]"
-3192.0030769230766,43.0,"(16, 48]"
-2884.125,44.0,"(16, 48]"
1291.2738095238094,44.0,"(16, 48]"
1444.9761904761901,44.0,"(16, 48]"
180.81765370455216,44.0,"(16, 48]"
2733.688888888889,45.0,"(16, 48]"
-1347.2857142857142,45.0,"(16, 48]"
-855.1810526192912,45.0,"(16, 48]"
808.6666666666665,45.0,"(16, 48]"
-2190.434389140272,46.0,"(16, 48]"
-28.13586956521704,46.0,"(16, 48]"
-3121.4023529411766,46.0,"(16, 48]"
3194.121137570737,47.0,"(16, 48]"
92.61538461538477,47.0,"(16, 48]"
-513.166666666667,48.0,"(16, 48]"
-583.3087869493729,48.0,"(16, 48]"
985.4444444444433,48.0,"(16, 48]"
595.5333333333327,48.0,"(16, 48]"
5455.016923076923,48.0,"(16, 48]"
-2391.192307692308,48.0,"(16, 48]"
349.57176470588183,48.0,"(16, 48]"
2821.7474999999995,48.0,"(16, 48]"
-3743.7565789473683,48.0,"(16, 48]"
5260.874823792692,48.0,"(16, 48]"
-210.02105263157864,48.0,"(16, 48]"
9523.685897435897,49.0,"(48, 80]"
-171.54166666666652,49.0,"(48, 80]"
7476.235294117647,49.0,"(48, 80]"
2148.489637094264,49.0,"(48, 80]"
3061.985356466399,49.0,"(48, 80]"
1898.1985294117649,50.0,"(48, 80]"
617.0666666666666,50.0,"(48, 80]"
1367.2892156862745,50.0,"(48, 80]"
2033.8500115970076,50.0,"(48, 80]"
1828.727272727273,50.0,"(48, 80]"
2063.66,50.0,"(48, 80]"
2664.7657142857142,50.0,"(48, 80]"
228.39855072463703,51.0,"(48, 80]"
2468.5650000000005,51.0,"(48, 80]"
2969.576622564242,53.0,"(48, 80]"
1706.1164756723208,54.0,"(48, 80]"
718.6069378800258,54.0,"(48, 80]"
-3482.0718916604415,54.0,"(48, 80]"
1939.6064811975243,54.0,"(48, 80]"
2542.541062801932,54.0,"(48, 80]"
511.3205128205129,54.0,"(48, 80]"
3881.6564705882347,54.0,"(48, 80]"
2080.9047619047633,55.0,"(48, 80]"
986.0811965811964,55.0,"(48, 80]"
-5270.238095238095,55.0,"(48, 80]"
6384.0,55.0,"(48, 80]"
-3114.4321463466795,56.0,"(48, 80]"
3946.273684210527,56.0,"(48, 80]"
-1438.333333333334,57.0,"(48, 80]"
-1148.8991596638655,57.0,"(48, 80]"
397.7933333333335,57.0,"(48, 80]"
-405.79101187130163,59.0,"(48, 80]"
-248.25874125874088,59.0,"(48, 80]"
2235.15373691889,59.0,"(48, 80]"
-315.16969696969767,60.0,"(48, 80]"
4037.684210526316,60.0,"(48, 80]"
-1373.7857142857142,60.0,"(48, 80]"
93.27289377289391,61.0,"(48, 80]"
7591.221153846153,61.0,"(48, 80]"
4258.603936675,61.0,"(48, 80]"
1343.631176343326,62.0,"(48, 80]"
1929.1230769230772,63.0,"(48, 80]"
-1919.558823529412,63.0,"(48, 80]"
1062.0333333333328,63.0,"(48, 80]"
-2039.2222222222226,64.0,"(48, 80]"
-511.04260651629056,66.0,"(48, 80]"
1219.31282051282,68.0,"(48, 80]"
-3307.230769230769,70.0,"(48, 80]"
-1147.139678955,70.0,"(48, 80]"
-5185.337777777778,75.0,"(48, 80]"
-2947.125,75.0,"(48, 80]"
